INSERT INTO [dbo].[Type] (Type_ID, Type_Name) VALUES
(1, 'Admin'),
(2, 'Operator'),
(3, 'Driver'),
(4, 'Passenger'),
(5, 'Company Representative');


INSERT INTO [dbo].[User] 
(Username, Password, Email, F_Name, L_Name, Phone, Gender, B_Date, Address, Rating, PFP, Type_ID)
VALUES
('contheo', 'hash00', 'contheo@mail.com', 'Con', 'Theoph', '09614073', 'M', '1981-10-08', 'Lefkosia', 4.1, 'no-pfp', 1),
('andrea0', 'hash0', 'andrea.young0@mail.com', 'Andrea', 'Young', '09614078', 'M', '1981-10-08', 'North Elizabethview', 4.6, 'no-pfp', 3),
('katie1', 'hash1', 'katie.evans1@mail.com', 'Katie', 'Evans', '58487134', 'M', '1985-01-23', 'South Leslieside', 5.0, 'no-pfp', 4),
('erica3', 'hash3', 'erica.farrell3@mail.com', 'Erica', 'Farrell', '22494377', 'M', '1980-01-01', 'Boydland', 3.5, 'no-pfp', 3),
('richard4', 'hash4', 'richard.gates4@mail.com', 'Richard', 'Gates', '51890983', 'M', '1968-04-04', 'Elizabethfort', 4.5, 'no-pfp', 4),
('george5', 'hash5', 'george.carr5@mail.com', 'George', 'Carr', '69872656', 'M', '2007-09-15', 'East Maryfort', 4.2, 'no-pfp', 3),
('kimberly6', 'hash6', 'kimberly.mcclain6@mail.com', 'Kimberly', 'Mcclain', '95466761', 'M', '1964-12-08', 'South Jonathan', 4.9, 'no-pfp', 4),
('lori7', 'hash7', 'lori.miller7@mail.com', 'Lori', 'Miller', '88271537', 'M', '1995-01-13', 'Gonzalezburgh', 4.6, 'no-pfp', 4),
('heather8', 'hash8', 'heather.nelson8@mail.com', 'Heather', 'Nelson', '58466973', 'M', '1957-05-11', 'East Thomas', 4.0, 'no-pfp', 3),
('jamie9', 'hash9', 'jamie.page9@mail.com', 'Jamie', 'Page', '77916667', 'M', '1983-10-08', 'Henryland', 3.6, 'no-pfp', 4),
('sherry10', 'hash10', 'sherry.harris10@mail.com', 'Sherry', 'Harris', '41011460', 'M', '1987-10-22', 'East Lisa', 4.7, 'no-pfp', 3),
('kristin11', 'hash11', 'kristin.fisher11@mail.com', 'Kristin', 'Fisher', '07950081', 'M', '1977-03-02', 'South Davidbury', 4.8, 'no-pfp', 3),
('mary12', 'hash12', 'mary.wallace12@mail.com', 'Mary', 'Wallace', '44593663', 'M', '1973-06-01', 'West Austinchester', 3.9, 'no-pfp', 5),
('richard13', 'hash13', 'richard.smith13@mail.com', 'Richard', 'Smith', '02812297', 'M', '1975-01-02', 'Lake Jonathan', 3.9, 'no-pfp', 4),
('alicia14', 'hash14', 'alicia.martin14@mail.com', 'Alicia', 'Martin', '37070908', 'M', '1958-10-01', 'Tinamouth', 3.8, 'no-pfp', 3),
('stacey15', 'hash15', 'stacey.bradley15@mail.com', 'Stacey', 'Bradley', '67085834', 'M', '1977-07-31', 'Smithshire', 3.6, 'no-pfp', 5),
('robert16', 'hash16', 'robert.hunter16@mail.com', 'Robert', 'Hunter', '35313045', 'M', '1993-08-13', 'New Jamesshire', 3.6, 'no-pfp', 4),
('kathleen17', 'hash17', 'kathleen.hudson17@mail.com', 'Kathleen', 'Hudson', '91502204', 'M', '1999-03-17', 'New Douglas', 4.0, 'no-pfp', 3),
('henry18', 'hash18', 'henry.keith18@mail.com', 'Henry', 'Keith', '75117763', 'M', '1972-03-09', 'Port Terri', 4.8, 'no-pfp', 4),
('benjamin19', 'hash19', 'benjamin.walsh19@mail.com', 'Benjamin', 'Walsh', '16281113', 'M', '1998-09-02', 'Fisherport', 4.4, 'no-pfp', 5),
('lisa20', 'hash20', 'lisa.charles20@mail.com', 'Lisa', 'Charles', '04684402', 'M', '1999-01-30', 'Griffinhaven', 3.8, 'no-pfp', 5),
('tanya21', 'hash21', 'tanya.bowen21@mail.com', 'Tanya', 'Bowen', '01507609', 'M', '1981-06-27', 'East Tyler', 4.5, 'no-pfp', 5),
('tiffany22', 'hash22', 'tiffany.chapman22@mail.com', 'Tiffany', 'Chapman', '20997467', 'M', '1965-04-28', 'Evansberg', 4.7, 'no-pfp', 3),
('austin23', 'hash23', 'austin.odonnell23@mail.com', 'Austin', 'Odonnell', '03288943', 'M', '2004-04-09', 'Damonchester', 3.8, 'no-pfp', 5),
('debra24', 'hash24', 'debra.anderson24@mail.com', 'Debra', 'Anderson', '09611277', 'M', '2000-01-10', 'Hansonborough', 3.6, 'no-pfp', 3),
('elizabeth25', 'hash25', 'elizabeth.davis25@mail.com', 'Elizabeth', 'Davis', '16705311', 'M', '1970-11-26', 'Lake Jodi', 4.0, 'no-pfp', 3),
('brian26', 'hash26', 'brian.mclaughlin26@mail.com', 'Brian', 'Mclaughlin', '90479705', 'M', '2006-08-08', 'Sarachester', 4.5, 'no-pfp', 3),
('rachel27', 'hash27', 'rachel.heath27@mail.com', 'Rachel', 'Heath', '82575602', 'M', '1980-07-03', 'West Jesse', 4.4, 'no-pfp', 3),
('bradley28', 'hash28', 'bradley.chang28@mail.com', 'Bradley', 'Chang', '92071848', 'M', '1962-02-07', 'Yvonneshire', 3.6, 'no-pfp', 5),
('rachel29', 'hash29', 'rachel.jones29@mail.com', 'Rachel', 'Jones', '17735884', 'M', '1994-02-03', 'Henryhaven', 4.5, 'no-pfp', 4),
('tina30', 'hash30', 'tina.hunt30@mail.com', 'Tina', 'Hunt', '40348072', 'M', '1988-06-07', 'Lake Scottfort', 4.5, 'no-pfp', 5),
('justin31', 'hash31', 'justin.jordan31@mail.com', 'Justin', 'Jordan', '59258436', 'M', '1996-06-08', 'Lake Josetown', 4.7, 'no-pfp', 3),
('brian32', 'hash32', 'brian.smith32@mail.com', 'Brian', 'Smith', '19622578', 'M', '1955-11-25', 'Judybury', 5.0, 'no-pfp', 4),
('frank33', 'hash33', 'frank.olsen33@mail.com', 'Frank', 'Olsen', '95289568', 'M', '2007-07-17', 'Port Michelleton', 4.9, 'no-pfp', 4),
('timothy34', 'hash34', 'timothy.grimes34@mail.com', 'Timothy', 'Grimes', '26140478', 'M', '1965-09-25', 'Kington', 4.4, 'no-pfp', 4),
('jordan35', 'hash35', 'jordan.smith35@mail.com', 'Jordan', 'Smith', '35481245', 'M', '1987-04-17', 'Princeburgh', 3.6, 'no-pfp', 4),
('tina36', 'hash36', 'tina.cox36@mail.com', 'Tina', 'Cox', '18771634', 'M', '1998-05-28', 'North Matthew', 4.0, 'no-pfp', 4),
('janet37', 'hash37', 'janet.house37@mail.com', 'Janet', 'House', '23502264', 'M', '1973-02-11', 'Danielfurt', 4.8, 'no-pfp', 4),
('vickie38', 'hash38', 'vickie.mitchell38@mail.com', 'Vickie', 'Mitchell', '13495541', 'M', '1966-01-29', 'Waltonberg', 4.4, 'no-pfp', 4),
('george39', 'hash39', 'george.clark39@mail.com', 'George', 'Clark', '33741157', 'M', '1988-11-02', 'New Whitneyhaven', 4.0, 'no-pfp', 3),
('gregory40', 'hash40', 'gregory.brown40@mail.com', 'Gregory', 'Brown', '72023096', 'M', '1962-12-17', 'South Markside', 4.6, 'no-pfp', 4),
('gary41', 'hash41', 'gary.zuniga41@mail.com', 'Gary', 'Zuniga', '42200752', 'M', '1998-05-27', 'Perezstad', 4.8, 'no-pfp', 5),
('cynthia42', 'hash42', 'cynthia.nielsen42@mail.com', 'Cynthia', 'Nielsen', '76017303', 'M', '2000-09-25', 'Port Frankport', 4.7, 'no-pfp', 4),
('rebecca43', 'hash43', 'rebecca.scott43@mail.com', 'Rebecca', 'Scott', '73309250', 'M', '2004-11-17', 'Torreschester', 4.2, 'no-pfp', 5),
('keith44', 'hash44', 'keith.morgan44@mail.com', 'Keith', 'Morgan', '60852234', 'M', '1994-11-03', 'Robertview', 4.6, 'no-pfp', 4),
('barbara45', 'hash45', 'barbara.mosley45@mail.com', 'Barbara', 'Mosley', '50550449', 'M', '1990-08-08', 'Christopherville', 4.0, 'no-pfp', 5),
('richard46', 'hash46', 'richard.castillo46@mail.com', 'Richard', 'Castillo', '52331759', 'M', '1970-03-29', 'East Melanietown', 4.5, 'no-pfp', 4),
('william47', 'hash47', 'william.turner47@mail.com', 'William', 'Turner', '35751150', 'M', '1955-10-01', 'East Russell', 4.3, 'no-pfp', 4),
('melanie48', 'hash48', 'melanie.crosby48@mail.com', 'Melanie', 'Crosby', '93753930', 'M', '1962-10-13', 'East Veronicaview', 4.1, 'no-pfp', 3),
('valerie49', 'hash49', 'valerie.walsh49@mail.com', 'Valerie', 'Walsh', '32098379', 'M', '1996-10-01', 'West Brittany', 3.9, 'no-pfp', 4),
('todd50', 'hash50', 'todd.holmes50@mail.com', 'Todd', 'Holmes', '84165351', 'M', '1960-05-03', 'Williamsfurt', 4.2, 'no-pfp', 3),
('katherine51', 'hash51', 'katherine.ayala51@mail.com', 'Katherine', 'Ayala', '95034883', 'M', '2001-03-13', 'South Richard', 5.0, 'no-pfp', 5),
('mark52', 'hash52', 'mark.montgomery52@mail.com', 'Mark', 'Montgomery', '83395009', 'M', '2000-01-23', 'North Amyport', 3.7, 'no-pfp', 3),
('samuel53', 'hash53', 'samuel.rodriguez53@mail.com', 'Samuel', 'Rodriguez', '29281184', 'M', '1967-11-15', 'Colemanchester', 3.6, 'no-pfp', 3),
('melissa54', 'hash54', 'melissa.owens54@mail.com', 'Melissa', 'Owens', '08439023', 'M', '1970-09-18', 'Conniehaven', 3.6, 'no-pfp', 4),
('jenny55', 'hash55', 'jenny.martinez55@mail.com', 'Jenny', 'Martinez', '27224215', 'M', '1967-05-22', 'Christopherchester', 4.8, 'no-pfp', 4),
('stephanie56', 'hash56', 'stephanie.brown56@mail.com', 'Stephanie', 'Brown', '95759254', 'M', '1991-07-10', 'West Johnside', 3.5, 'no-pfp', 5),
('heidi57', 'hash57', 'heidi.webster57@mail.com', 'Heidi', 'Webster', '55967285', 'M', '1990-02-05', 'Port Susantown', 4.4, 'no-pfp', 3),
('jacob58', 'hash58', 'jacob.carey58@mail.com', 'Jacob', 'Carey', '72376412', 'M', '1956-09-01', 'Nicoleland', 4.9, 'no-pfp', 3),
('donna59', 'hash59', 'donna.wade59@mail.com', 'Donna', 'Wade', '76612713', 'M', '1970-03-20', 'Mikaylamouth', 4.3, 'no-pfp', 5),
('nicole60', 'hash60', 'nicole.miller60@mail.com', 'Nicole', 'Miller', '29336146', 'M', '1972-06-05', 'Wilsonberg', 4.2, 'no-pfp', 5),
('cindy61', 'hash61', 'cindy.huff61@mail.com', 'Cindy', 'Huff', '00052938', 'M', '2005-06-28', 'Smithfort', 4.1, 'no-pfp', 5),
('rachel62', 'hash62', 'rachel.flores62@mail.com', 'Rachel', 'Flores', '46661658', 'M', '2005-11-09', 'North Michael', 4.5, 'no-pfp', 3),
('gregory63', 'hash63', 'gregory.gomez63@mail.com', 'Gregory', 'Gomez', '69845216', 'M', '1967-01-08', 'Thomaston', 4.7, 'no-pfp', 3),
('nicholas64', 'hash64', 'nicholas.bowers64@mail.com', 'Nicholas', 'Bowers', '96489077', 'M', '2002-09-11', 'East Jesse', 4.9, 'no-pfp', 5),
('jacob65', 'hash65', 'jacob.espinoza65@mail.com', 'Jacob', 'Espinoza', '48247015', 'M', '1980-08-30', 'South Nicoleberg', 4.7, 'no-pfp', 5),
('megan66', 'hash66', 'megan.martin66@mail.com', 'Megan', 'Martin', '19880918', 'M', '1959-02-15', 'West Ashleyshire', 4.8, 'no-pfp', 3),
('paul67', 'hash67', 'paul.knight67@mail.com', 'Paul', 'Knight', '71598673', 'M', '2004-11-26', 'North Ashley', 5.0, 'no-pfp', 3),
('robert68', 'hash68', 'robert.chen68@mail.com', 'Robert', 'Chen', '81775310', 'M', '1982-11-07', 'Spenceton', 4.5, 'no-pfp', 5),
('daniel69', 'hash69', 'daniel.johnson69@mail.com', 'Daniel', 'Johnson', '46245456', 'M', '2005-03-03', 'Lake Jennifer', 4.4, 'no-pfp', 5),
('kelly70', 'hash70', 'kelly.potts70@mail.com', 'Kelly', 'Potts', '40477286', 'M', '1989-05-19', 'Port Justin', 4.6, 'no-pfp', 5),
('sharon71', 'hash71', 'sharon.mason71@mail.com', 'Sharon', 'Mason', '58744658', 'M', '1968-07-30', 'Danielsberg', 3.8, 'no-pfp', 5),
('rebecca72', 'hash72', 'rebecca.sheppard72@mail.com', 'Rebecca', 'Sheppard', '51100150', 'M', '1995-05-27', 'Catherinefurt', 3.8, 'no-pfp', 4),
('jared73', 'hash73', 'jared.tanner73@mail.com', 'Jared', 'Tanner', '21985377', 'M', '1997-04-08', 'Port Paul', 4.1, 'no-pfp', 4),
('anthony74', 'hash74', 'anthony.cook74@mail.com', 'Anthony', 'Cook', '30289826', 'M', '1981-11-27', 'Richardsonmouth', 3.6, 'no-pfp', 3),
('sarah75', 'hash75', 'sarah.reilly75@mail.com', 'Sarah', 'Reilly', '85552535', 'M', '1999-06-27', 'Danielfurt', 4.0, 'no-pfp', 4),
('bruce76', 'hash76', 'bruce.chavez76@mail.com', 'Bruce', 'Chavez', '67408684', 'M', '1967-06-03', 'East Marisaside', 4.7, 'no-pfp', 3),
('mark77', 'hash77', 'mark.freeman77@mail.com', 'Mark', 'Freeman', '92080334', 'M', '1992-06-12', 'Port Shannon', 4.3, 'no-pfp', 4),
('steven78', 'hash78', 'steven.rowe78@mail.com', 'Steven', 'Rowe', '97452451', 'M', '1997-05-07', 'Jacksonview', 4.5, 'no-pfp', 4),
('steven79', 'hash79', 'steven.fischer79@mail.com', 'Steven', 'Fischer', '14397903', 'M', '1976-10-25', 'Jeromeview', 4.6, 'no-pfp', 5),
('lynn80', 'hash80', 'lynn.brown80@mail.com', 'Lynn', 'Brown', '18770684', 'M', '1987-01-19', 'Kathrynmouth', 3.9, 'no-pfp', 4),
('catherine81', 'hash81', 'catherine.shaffer81@mail.com', 'Catherine', 'Shaffer', '49243622', 'M', '1982-06-28', 'Lopezport', 4.8, 'no-pfp', 3),
('frank82', 'hash82', 'frank.davis82@mail.com', 'Frank', 'Davis', '98820228', 'M', '1986-02-01', 'Manningborough', 4.3, 'no-pfp', 4),
('mary83', 'hash83', 'mary.davenport83@mail.com', 'Mary', 'Davenport', '18460257', 'M', '1980-09-13', 'Carrland', 4.8, 'no-pfp', 3),
('suzanne84', 'hash84', 'suzanne.stone84@mail.com', 'Suzanne', 'Stone', '62695336', 'M', '1966-11-12', 'Port Leah', 4.9, 'no-pfp', 4),
('diane85', 'hash85', 'diane.edwards85@mail.com', 'Diane', 'Edwards', '87003283', 'M', '1972-06-16', 'Thomasfurt', 4.4, 'no-pfp', 5),
('amanda86', 'hash86', 'amanda.richardson86@mail.com', 'Amanda', 'Richardson', '06646096', 'M', '2007-04-01', 'South Cody', 4.4, 'no-pfp', 4),
('andrew87', 'hash87', 'andrew.benson87@mail.com', 'Andrew', 'Benson', '13419401', 'M', '1997-01-31', 'Hallside', 4.1, 'no-pfp', 5),
('jacqueline88', 'hash88', 'jacqueline.frye88@mail.com', 'Jacqueline', 'Frye', '53178858', 'M', '1984-03-21', 'Glennmouth', 4.0, 'no-pfp', 3),
('samantha89', 'hash89', 'samantha.garza89@mail.com', 'Samantha', 'Garza', '70807921', 'M', '1989-03-27', 'Sharonport', 3.9, 'no-pfp', 5),
('william90', 'hash90', 'william.smith90@mail.com', 'William', 'Smith', '46144402', 'M', '1961-04-01', 'Stoutland', 4.5, 'no-pfp', 4),
('richard91', 'hash91', 'richard.walker91@mail.com', 'Richard', 'Walker', '05451354', 'M', '1985-09-20', 'Lake Sarahfurt', 3.9, 'no-pfp', 3),
('justin92', 'hash92', 'justin.bailey92@mail.com', 'Justin', 'Bailey', '15647463', 'M', '1993-01-09', 'Barbarafort', 3.9, 'no-pfp', 4),
('carrie93', 'hash93', 'carrie.brown93@mail.com', 'Carrie', 'Brown', '65669508', 'M', '1957-08-07', 'South Petermouth', 4.6, 'no-pfp', 5),
('brad94', 'hash94', 'brad.pineda94@mail.com', 'Brad', 'Pineda', '93239335', 'M', '1981-04-28', 'Pamelaside', 4.8, 'no-pfp', 5),
('amber95', 'hash95', 'amber.martinez95@mail.com', 'Amber', 'Martinez', '41397335', 'M', '1962-07-05', 'Cathyshire', 4.2, 'no-pfp', 5),
('isaiah96', 'hash96', 'isaiah.kelly96@mail.com', 'Isaiah', 'Kelly', '95755330', 'M', '2000-10-26', 'Jonathanfort', 4.0, 'no-pfp', 4),
('james97', 'hash97', 'james.mason97@mail.com', 'James', 'Mason', '83150087', 'M', '1959-04-29', 'Lake Brian', 4.0, 'no-pfp', 4),
('theresa98', 'hash98', 'theresa.nunez98@mail.com', 'Theresa', 'Nunez', '73510046', 'M', '1958-04-18', 'North Adamview', 3.8, 'no-pfp', 3),
('katie99', 'hash99', 'katie.bailey99@mail.com', 'Katie', 'Bailey', '56206845', 'M', '1971-11-29', 'Ramirezmouth', 4.0, 'no-pfp', 5),
('jennifer100', 'hash100', 'jennifer.griffin100@mail.com', 'Jennifer', 'Griffin', '27466364', 'M', '1990-05-17', 'Sheltonhaven', 3.9, 'no-pfp', 5),
('sierra101', 'hash101', 'sierra.jackson101@mail.com', 'Sierra', 'Jackson', '40141286', 'M', '1981-03-10', 'Port Kristina', 4.1, 'no-pfp', 3),
('sarah102', 'hash102', 'sarah.mills102@mail.com', 'Sarah', 'Mills', '38380704', 'M', '1955-02-26', 'North Stephenbury', 3.6, 'no-pfp', 3),
('frank103', 'hash103', 'frank.mccoy103@mail.com', 'Frank', 'Mccoy', '50746988', 'M', '1971-03-05', 'Mossview', 4.0, 'no-pfp', 4),
('stephanie104', 'hash104', 'stephanie.smith104@mail.com', 'Stephanie', 'Smith', '61969804', 'M', '1981-02-23', 'East Philip', 4.1, 'no-pfp', 3),
('megan105', 'hash105', 'megan.flowers105@mail.com', 'Megan', 'Flowers', '53064555', 'M', '1978-06-27', 'Mikeborough', 4.4, 'no-pfp', 4),
('kathleen106', 'hash106', 'kathleen.acevedo106@mail.com', 'Kathleen', 'Acevedo', '96645369', 'M', '2000-08-22', 'Whiteburgh', 4.7, 'no-pfp', 4),
('brandy107', 'hash107', 'brandy.chen107@mail.com', 'Brandy', 'Chen', '95684802', 'M', '2003-01-15', 'Hessmouth', 4.0, 'no-pfp', 5),
('casey108', 'hash108', 'casey.santiago108@mail.com', 'Casey', 'Santiago', '66027720', 'M', '1956-02-04', 'North Cherylmouth', 4.4, 'no-pfp', 3),
('cory109', 'hash109', 'cory.grant109@mail.com', 'Cory', 'Grant', '21758742', 'M', '1983-12-20', 'South Derekport', 4.1, 'no-pfp', 3),
('connor110', 'hash110', 'connor.ortiz110@mail.com', 'Connor', 'Ortiz', '59424408', 'M', '1958-08-02', 'Gibsonfort', 4.1, 'no-pfp', 4),
('jason111', 'hash111', 'jason.anderson111@mail.com', 'Jason', 'Anderson', '52671949', 'M', '2006-05-23', 'Hughesport', 3.6, 'no-pfp', 5),
('christine112', 'hash112', 'christine.vega112@mail.com', 'Christine', 'Vega', '08332534', 'M', '1965-09-11', 'Nicholschester', 4.1, 'no-pfp', 5),
('michelle113', 'hash113', 'michelle.ruiz113@mail.com', 'Michelle', 'Ruiz', '27639962', 'M', '2001-11-19', 'North Christinehaven', 4.3, 'no-pfp', 5),
('barbara114', 'hash114', 'barbara.singleton114@mail.com', 'Barbara', 'Singleton', '80715515', 'M', '1961-05-13', 'West Sandy', 4.9, 'no-pfp', 5),
('christine115', 'hash115', 'christine.taylor115@mail.com', 'Christine', 'Taylor', '07259998', 'M', '1999-01-18', 'Lake Lisabury', 4.0, 'no-pfp', 4),
('sheryl116', 'hash116', 'sheryl.potter116@mail.com', 'Sheryl', 'Potter', '90387614', 'M', '1987-10-04', 'Karinamouth', 4.0, 'no-pfp', 5),
('tracey117', 'hash117', 'tracey.thompson117@mail.com', 'Tracey', 'Thompson', '05376786', 'M', '1962-06-20', 'Brianfort', 3.7, 'no-pfp', 5),
('christine118', 'hash118', 'christine.morales118@mail.com', 'Christine', 'Morales', '34799301', 'M', '1976-03-30', 'Thompsonland', 4.5, 'no-pfp', 5),
('christopher119', 'hash119', 'christopher.green119@mail.com', 'Christopher', 'Green', '32419614', 'M', '2002-09-03', 'Gibsonchester', 4.6, 'no-pfp', 5),
('alexis120', 'hash120', 'alexis.jones120@mail.com', 'Alexis', 'Jones', '22999696', 'M', '1981-05-17', 'Baxtermouth', 3.6, 'no-pfp', 4),
('walter121', 'hash121', 'walter.jackson121@mail.com', 'Walter', 'Jackson', '95768356', 'M', '1955-04-13', 'Armstrongport', 3.9, 'no-pfp', 5),
('stephanie122', 'hash122', 'stephanie.parker122@mail.com', 'Stephanie', 'Parker', '75985492', 'M', '1982-03-24', 'Dylanborough', 4.7, 'no-pfp', 3),
('lisa123', 'hash123', 'lisa.garza123@mail.com', 'Lisa', 'Garza', '47092092', 'M', '1980-10-22', 'Loriton', 4.4, 'no-pfp', 4),
('jessica124', 'hash124', 'jessica.green124@mail.com', 'Jessica', 'Green', '21643613', 'M', '1961-06-26', 'Amandafurt', 5.0, 'no-pfp', 3),
('stephanie125', 'hash125', 'stephanie.yang125@mail.com', 'Stephanie', 'Yang', '86312084', 'M', '1974-09-28', 'East Patriciatown', 3.7, 'no-pfp', 4),
('joyce126', 'hash126', 'joyce.ward126@mail.com', 'Joyce', 'Ward', '84873718', 'M', '1961-05-29', 'East Jessicaborough', 4.5, 'no-pfp', 4),
('jasmine127', 'hash127', 'jasmine.hernandez127@mail.com', 'Jasmine', 'Hernandez', '14061140', 'M', '1984-08-01', 'Reyesburgh', 4.5, 'no-pfp', 3),
('whitney128', 'hash128', 'whitney.king128@mail.com', 'Whitney', 'King', '62651126', 'M', '1975-12-27', 'Walshshire', 4.2, 'no-pfp', 5),
('beth129', 'hash129', 'beth.brown129@mail.com', 'Beth', 'Brown', '83674821', 'M', '1995-05-21', 'Carrollchester', 3.9, 'no-pfp', 4),
('yolanda130', 'hash130', 'yolanda.scott130@mail.com', 'Yolanda', 'Scott', '18309209', 'M', '1976-04-23', 'West Christopher', 4.4, 'no-pfp', 5),
('matthew131', 'hash131', 'matthew.ball131@mail.com', 'Matthew', 'Ball', '37380998', 'M', '1961-03-15', 'South Kennethstad', 4.5, 'no-pfp', 5),
('jamie132', 'hash132', 'jamie.thompson132@mail.com', 'Jamie', 'Thompson', '55404016', 'M', '1996-06-22', 'Brandtmouth', 4.4, 'no-pfp', 4),
('monica133', 'hash133', 'monica.ramos133@mail.com', 'Monica', 'Ramos', '92577758', 'M', '2000-11-20', 'Huntbury', 4.9, 'no-pfp', 5),
('andrea134', 'hash134', 'andrea.brown134@mail.com', 'Andrea', 'Brown', '69691666', 'M', '2000-10-26', 'South Michaelborough', 4.3, 'no-pfp', 4),
('michael135', 'hash135', 'michael.klein135@mail.com', 'Michael', 'Klein', '41405006', 'M', '1960-02-07', 'Martinezland', 5.0, 'no-pfp', 5),
('kristen136', 'hash136', 'kristen.wilson136@mail.com', 'Kristen', 'Wilson', '32526335', 'M', '1994-03-17', 'Brittneyburgh', 4.6, 'no-pfp', 4),
('daniel137', 'hash137', 'daniel.cruz137@mail.com', 'Daniel', 'Cruz', '40739505', 'M', '1982-04-12', 'Lake Jeffrey', 4.5, 'no-pfp', 4),
('christopher138', 'hash138', 'christopher.meyer138@mail.com', 'Christopher', 'Meyer', '35743871', 'M', '1978-09-16', 'West Stacyville', 4.8, 'no-pfp', 4),
('nathan139', 'hash139', 'nathan.weaver139@mail.com', 'Nathan', 'Weaver', '08588259', 'M', '1982-01-21', 'Pattersonland', 4.3, 'no-pfp', 4),
('johnny140', 'hash140', 'johnny.keith140@mail.com', 'Johnny', 'Keith', '71334526', 'M', '1975-12-17', 'Hollyton', 3.6, 'no-pfp', 3),
('cole141', 'hash141', 'cole.mcgee141@mail.com', 'Cole', 'Mcgee', '38267399', 'M', '2004-12-14', 'Wilcoxmouth', 3.5, 'no-pfp', 3),
('michael142', 'hash142', 'michael.lang142@mail.com', 'Michael', 'Lang', '08279702', 'M', '1998-02-16', 'North Richardberg', 3.7, 'no-pfp', 3),
('michelle143', 'hash143', 'michelle.ward143@mail.com', 'Michelle', 'Ward', '79947079', 'M', '1975-12-01', 'Jacobview', 4.4, 'no-pfp', 4),
('kyle144', 'hash144', 'kyle.cuevas144@mail.com', 'Kyle', 'Cuevas', '78685226', 'M', '1988-08-07', 'Erikberg', 4.8, 'no-pfp', 3),
('erin145', 'hash145', 'erin.hill145@mail.com', 'Erin', 'Hill', '10529787', 'M', '1967-08-09', 'Nicholasfurt', 4.0, 'no-pfp', 5),
('joshua146', 'hash146', 'joshua.jensen146@mail.com', 'Joshua', 'Jensen', '33583829', 'M', '1956-06-19', 'Haleybury', 4.2, 'no-pfp', 5),
('jesse147', 'hash147', 'jesse.ewing147@mail.com', 'Jesse', 'Ewing', '57817555', 'M', '1962-11-30', 'Graceton', 4.4, 'no-pfp', 3),
('travis148', 'hash148', 'travis.carlson148@mail.com', 'Travis', 'Carlson', '88064918', 'M', '1999-08-06', 'Scottport', 4.3, 'no-pfp', 4),
('thomas149', 'hash149', 'thomas.ellis149@mail.com', 'Thomas', 'Ellis', '29994249', 'M', '1979-11-26', 'Lake Michaelside', 3.5, 'no-pfp', 4),
('amy150', 'hash150', 'amy.baker150@mail.com', 'Amy', 'Baker', '94831118', 'M', '1975-01-11', 'East Richardtown', 3.8, 'no-pfp', 4),
('david151', 'hash151', 'david.martin151@mail.com', 'David', 'Martin', '89205787', 'M', '1968-08-29', 'Loweryport', 3.7, 'no-pfp', 5),
('kimberly152', 'hash152', 'kimberly.smith152@mail.com', 'Kimberly', 'Smith', '52973824', 'M', '1955-04-27', 'North Lisaside', 4.6, 'no-pfp', 4),
('stephanie153', 'hash153', 'stephanie.guerrero153@mail.com', 'Stephanie', 'Guerrero', '28299754', 'M', '1956-09-13', 'North Timothy', 4.2, 'no-pfp', 3),
('molly154', 'hash154', 'molly.roberts154@mail.com', 'Molly', 'Roberts', '02524783', 'M', '2002-07-31', 'Michaelfurt', 4.6, 'no-pfp', 3),
('melissa155', 'hash155', 'melissa.cook155@mail.com', 'Melissa', 'Cook', '65047094', 'M', '1978-01-09', 'Port David', 4.1, 'no-pfp', 4),
('dennis156', 'hash156', 'dennis.collins156@mail.com', 'Dennis', 'Collins', '69593422', 'M', '1987-12-01', 'South Michaelbury', 4.2, 'no-pfp', 3),
('louis157', 'hash157', 'louis.henderson157@mail.com', 'Louis', 'Henderson', '61037387', 'M', '1981-08-01', 'Alexisfurt', 5.0, 'no-pfp', 4),
('manuel158', 'hash158', 'manuel.davis158@mail.com', 'Manuel', 'Davis', '07476415', 'M', '1982-03-22', 'West Carla', 3.9, 'no-pfp', 3),
('edward159', 'hash159', 'edward.jenkins159@mail.com', 'Edward', 'Jenkins', '29251979', 'M', '1972-08-21', 'West Robinview', 3.6, 'no-pfp', 4),
('matthew160', 'hash160', 'matthew.ruiz160@mail.com', 'Matthew', 'Ruiz', '41467659', 'M', '1957-09-12', 'South Luis', 4.8, 'no-pfp', 4),
('kristen161', 'hash161', 'kristen.smith161@mail.com', 'Kristen', 'Smith', '09546399', 'M', '1979-11-03', 'Bowmanmouth', 4.9, 'no-pfp', 3),
('kelly162', 'hash162', 'kelly.lee162@mail.com', 'Kelly', 'Lee', '12071564', 'M', '1975-08-31', 'West Jeremiahview', 3.6, 'no-pfp', 4),
('janice163', 'hash163', 'janice.brown163@mail.com', 'Janice', 'Brown', '48332322', 'M', '1976-08-24', 'Lake Jason', 4.6, 'no-pfp', 4),
('michael164', 'hash164', 'michael.evans164@mail.com', 'Michael', 'Evans', '71658598', 'M', '1987-08-03', 'Andreabury', 4.0, 'no-pfp', 5),
('joshua165', 'hash165', 'joshua.james165@mail.com', 'Joshua', 'James', '51086239', 'M', '2005-08-23', 'Susanville', 4.8, 'no-pfp', 5),
('daniel166', 'hash166', 'daniel.avery166@mail.com', 'Daniel', 'Avery', '30680320', 'M', '1969-03-17', 'Port Natalie', 4.9, 'no-pfp', 5),
('kevin167', 'hash167', 'kevin.anderson167@mail.com', 'Kevin', 'Anderson', '12605251', 'M', '2005-11-05', 'East Christinaview', 4.5, 'no-pfp', 5),
('kevin168', 'hash168', 'kevin.johnson168@mail.com', 'Kevin', 'Johnson', '91809356', 'M', '1979-04-30', 'West Jeremyburgh', 3.9, 'no-pfp', 3),
('kyle169', 'hash169', 'kyle.vaughn169@mail.com', 'Kyle', 'Vaughn', '33149527', 'M', '2000-04-21', 'South Troyport', 4.0, 'no-pfp', 5),
('james170', 'hash170', 'james.kline170@mail.com', 'James', 'Kline', '60682485', 'M', '1971-03-08', 'Taramouth', 4.7, 'no-pfp', 3),
('jeremy171', 'hash171', 'jeremy.parker171@mail.com', 'Jeremy', 'Parker', '57513320', 'M', '1997-10-04', 'Kristinefurt', 3.5, 'no-pfp', 3),
('mark172', 'hash172', 'mark.baker172@mail.com', 'Mark', 'Baker', '43127046', 'M', '1965-02-08', 'Lake Robert', 3.5, 'no-pfp', 4),
('desiree173', 'hash173', 'desiree.garcia173@mail.com', 'Desiree', 'Garcia', '02315558', 'M', '1995-07-13', 'North Veronicaberg', 4.9, 'no-pfp', 3),
('jeremy174', 'hash174', 'jeremy.ramirez174@mail.com', 'Jeremy', 'Ramirez', '16817920', 'M', '1988-08-17', 'West Logan', 4.2, 'no-pfp', 5),
('cynthia175', 'hash175', 'cynthia.jordan175@mail.com', 'Cynthia', 'Jordan', '23438498', 'M', '1997-05-17', 'Port Rogerberg', 4.8, 'no-pfp', 4),
('aimee176', 'hash176', 'aimee.jackson176@mail.com', 'Aimee', 'Jackson', '86242484', 'M', '1986-04-10', 'West Samuel', 3.6, 'no-pfp', 5),
('timothy177', 'hash177', 'timothy.martin177@mail.com', 'Timothy', 'Martin', '89347313', 'M', '1969-05-06', 'Nataliechester', 4.5, 'no-pfp', 3),
('thomas178', 'hash178', 'thomas.martinez178@mail.com', 'Thomas', 'Martinez', '13873763', 'M', '1959-02-14', 'Martinezview', 4.3, 'no-pfp', 3),
('andrew179', 'hash179', 'andrew.mccormick179@mail.com', 'Andrew', 'Mccormick', '02979149', 'M', '1971-07-18', 'Rileybury', 4.0, 'no-pfp', 3),
('tamara180', 'hash180', 'tamara.mason180@mail.com', 'Tamara', 'Mason', '71802222', 'M', '1989-12-06', 'Lake Amyside', 4.8, 'no-pfp', 5),
('ronald181', 'hash181', 'ronald.cook181@mail.com', 'Ronald', 'Cook', '38407233', 'M', '1995-08-22', 'Aprilstad', 3.6, 'no-pfp', 3),
('melissa182', 'hash182', 'melissa.hall182@mail.com', 'Melissa', 'Hall', '47354335', 'M', '1958-02-17', 'East Davidburgh', 4.2, 'no-pfp', 3),
('joseph183', 'hash183', 'joseph.lee183@mail.com', 'Joseph', 'Lee', '62779528', 'M', '2004-01-18', 'East Maria', 4.6, 'no-pfp', 5),
('wayne184', 'hash184', 'wayne.ortiz184@mail.com', 'Wayne', 'Ortiz', '75202082', 'M', '2000-03-12', 'Joseshire', 4.7, 'no-pfp', 5),
('steven185', 'hash185', 'steven.daniels185@mail.com', 'Steven', 'Daniels', '19064986', 'M', '1966-12-10', 'Davisville', 4.7, 'no-pfp', 4),
('monica186', 'hash186', 'monica.cook186@mail.com', 'Monica', 'Cook', '47067531', 'M', '1960-03-05', 'Samanthaborough', 4.3, 'no-pfp', 3),
('lauren187', 'hash187', 'lauren.joseph187@mail.com', 'Lauren', 'Joseph', '20794302', 'M', '1988-12-16', 'East Rachelborough', 4.8, 'no-pfp', 3),
('matthew188', 'hash188', 'matthew.stevenson188@mail.com', 'Matthew', 'Stevenson', '75994936', 'M', '2005-01-02', 'East Lydia', 3.9, 'no-pfp', 3),
('wendy189', 'hash189', 'wendy.fernandez189@mail.com', 'Wendy', 'Fernandez', '02276642', 'M', '2004-04-22', 'New Kim', 4.4, 'no-pfp', 4),
('jennifer190', 'hash190', 'jennifer.gould190@mail.com', 'Jennifer', 'Gould', '07908225', 'M', '1970-02-26', 'Julieborough', 3.8, 'no-pfp', 3),
('kyle191', 'hash191', 'kyle.perry191@mail.com', 'Kyle', 'Perry', '82006838', 'M', '1986-05-18', 'Lake Bradleyland', 3.8, 'no-pfp', 5),
('crystal192', 'hash192', 'crystal.gonzales192@mail.com', 'Crystal', 'Gonzales', '71177693', 'M', '2005-10-31', 'New John', 3.8, 'no-pfp', 4),
('rhonda193', 'hash193', 'rhonda.simmons193@mail.com', 'Rhonda', 'Simmons', '06610991', 'M', '2004-11-21', 'Normatown', 4.4, 'no-pfp', 5),
('benjamin194', 'hash194', 'benjamin.jennings194@mail.com', 'Benjamin', 'Jennings', '05227490', 'M', '1993-05-25', 'West Wendybury', 3.7, 'no-pfp', 3),
('matthew195', 'hash195', 'matthew.rasmussen195@mail.com', 'Matthew', 'Rasmussen', '50952197', 'M', '1957-01-27', 'Jillianstad', 3.7, 'no-pfp', 5),
('christy196', 'hash196', 'christy.higgins196@mail.com', 'Christy', 'Higgins', '90768440', 'M', '1978-10-10', 'Fieldsfurt', 4.1, 'no-pfp', 4),
('natalie197', 'hash197', 'natalie.shea197@mail.com', 'Natalie', 'Shea', '08768224', 'M', '1975-02-13', 'Murphyton', 5.0, 'no-pfp', 5),
('harold198', 'hash198', 'harold.osborne198@mail.com', 'Harold', 'Osborne', '54001441', 'M', '1959-01-28', 'East Nicoleshire', 4.0, 'no-pfp', 3),
('brandon199', 'hash199', 'brandon.martinez199@mail.com', 'Brandon', 'Martinez', '36239253', 'M', '1970-12-01', 'Christineton', 4.6, 'no-pfp', 3),
('lisa200', 'hash200', 'lisa.morgan200@mail.com', 'Lisa', 'Morgan', '66429941', 'M', '1996-03-27', 'West Dorothytown', 4.7, 'no-pfp', 4),
('elizabeth201', 'hash201', 'elizabeth.hudson201@mail.com', 'Elizabeth', 'Hudson', '26361850', 'M', '2004-07-24', 'North Lindsey', 4.8, 'no-pfp', 5),
('keith202', 'hash202', 'keith.garcia202@mail.com', 'Keith', 'Garcia', '58516610', 'M', '1964-01-28', 'Lake Christopher', 4.0, 'no-pfp', 3),
('jessica203', 'hash203', 'jessica.saunders203@mail.com', 'Jessica', 'Saunders', '71284161', 'M', '1955-05-12', 'South Carol', 4.5, 'no-pfp', 5),
('evan204', 'hash204', 'evan.chase204@mail.com', 'Evan', 'Chase', '17084990', 'M', '1958-03-22', 'Harristown', 3.5, 'no-pfp', 3),
('paul205', 'hash205', 'paul.jones205@mail.com', 'Paul', 'Jones', '70870636', 'M', '1987-03-21', 'North Selenachester', 3.8, 'no-pfp', 5),
('brian206', 'hash206', 'brian.robinson206@mail.com', 'Brian', 'Robinson', '62798162', 'M', '1960-08-03', 'Daviestown', 4.1, 'no-pfp', 4),
('courtney207', 'hash207', 'courtney.dennis207@mail.com', 'Courtney', 'Dennis', '60593503', 'M', '1986-02-07', 'Courtneymouth', 4.2, 'no-pfp', 4),
('kenneth208', 'hash208', 'kenneth.olsen208@mail.com', 'Kenneth', 'Olsen', '46365339', 'M', '2003-04-11', 'Murraychester', 5.0, 'no-pfp', 4),
('ellen209', 'hash209', 'ellen.kelly209@mail.com', 'Ellen', 'Kelly', '48372987', 'M', '1990-09-15', 'New Jasonberg', 3.7, 'no-pfp', 3),
('paul210', 'hash210', 'paul.thompson210@mail.com', 'Paul', 'Thompson', '08719042', 'M', '1963-12-17', 'Leeside', 4.6, 'no-pfp', 3),
('andrew211', 'hash211', 'andrew.mason211@mail.com', 'Andrew', 'Mason', '38879195', 'M', '1958-03-30', 'West Gregoryburgh', 3.7, 'no-pfp', 3),
('brittany212', 'hash212', 'brittany.hammond212@mail.com', 'Brittany', 'Hammond', '16599483', 'M', '1989-06-13', 'Port Timothy', 4.3, 'no-pfp', 3),
('douglas213', 'hash213', 'douglas.floyd213@mail.com', 'Douglas', 'Floyd', '63759569', 'M', '1984-03-21', 'Kevinchester', 4.0, 'no-pfp', 4),
('alex214', 'hash214', 'alex.carter214@mail.com', 'Alex', 'Carter', '60743597', 'M', '1986-10-15', 'Port Stephanieburgh', 4.1, 'no-pfp', 3),
('jeremy215', 'hash215', 'jeremy.davis215@mail.com', 'Jeremy', 'Davis', '85025890', 'M', '1955-09-02', 'Daisyton', 4.6, 'no-pfp', 5),
('alison216', 'hash216', 'alison.watkins216@mail.com', 'Alison', 'Watkins', '92317548', 'M', '1992-10-08', 'Lake Michaelborough', 3.5, 'no-pfp', 5),
('margaret217', 'hash217', 'margaret.washington217@mail.com', 'Margaret', 'Washington', '94113379', 'M', '1961-03-29', 'West Madisonbury', 3.5, 'no-pfp', 5),
('kaylee218', 'hash218', 'kaylee.baldwin218@mail.com', 'Kaylee', 'Baldwin', '31376736', 'M', '1959-02-02', 'Gillstad', 4.1, 'no-pfp', 5),
('ronnie219', 'hash219', 'ronnie.lang219@mail.com', 'Ronnie', 'Lang', '30385523', 'M', '1969-04-14', 'New Marcmouth', 3.9, 'no-pfp', 5),
('paul220', 'hash220', 'paul.watkins220@mail.com', 'Paul', 'Watkins', '55523543', 'M', '1960-10-22', 'East Kevinburgh', 4.3, 'no-pfp', 4),
('john221', 'hash221', 'john.pugh221@mail.com', 'John', 'Pugh', '09087366', 'M', '1967-04-07', 'Lake Ericmouth', 4.2, 'no-pfp', 5),
('elizabeth222', 'hash222', 'elizabeth.price222@mail.com', 'Elizabeth', 'Price', '62262110', 'M', '2005-08-11', 'Edwinberg', 4.9, 'no-pfp', 4),
('matthew223', 'hash223', 'matthew.hudson223@mail.com', 'Matthew', 'Hudson', '23298690', 'M', '1984-12-23', 'Hornfurt', 4.2, 'no-pfp', 4),
('grant224', 'hash224', 'grant.white224@mail.com', 'Grant', 'White', '46693349', 'M', '1985-02-22', 'Johnmouth', 3.9, 'no-pfp', 3),
('deborah225', 'hash225', 'deborah.hopkins225@mail.com', 'Deborah', 'Hopkins', '24136780', 'M', '1999-07-24', 'Brookefort', 3.7, 'no-pfp', 4),
('gary226', 'hash226', 'gary.norton226@mail.com', 'Gary', 'Norton', '04659551', 'M', '1986-10-12', 'Grosstown', 4.7, 'no-pfp', 3),
('melanie227', 'hash227', 'melanie.coleman227@mail.com', 'Melanie', 'Coleman', '32927615', 'M', '1998-03-30', 'Coleborough', 4.0, 'no-pfp', 3),
('james228', 'hash228', 'james.campbell228@mail.com', 'James', 'Campbell', '81099743', 'M', '1984-05-03', 'Craigport', 4.7, 'no-pfp', 4),
('raven229', 'hash229', 'raven.gomez229@mail.com', 'Raven', 'Gomez', '74492850', 'M', '1977-08-09', 'West Frank', 4.1, 'no-pfp', 5),
('stephanie230', 'hash230', 'stephanie.gilbert230@mail.com', 'Stephanie', 'Gilbert', '92388070', 'M', '1972-11-24', 'Leefurt', 3.9, 'no-pfp', 5),
('pamela231', 'hash231', 'pamela.williams231@mail.com', 'Pamela', 'Williams', '35854547', 'M', '2006-04-11', 'Lake Roberthaven', 4.2, 'no-pfp', 4),
('geoffrey232', 'hash232', 'geoffrey.boyd232@mail.com', 'Geoffrey', 'Boyd', '58674900', 'M', '1965-07-29', 'Smithborough', 5.0, 'no-pfp', 5),
('brandon233', 'hash233', 'brandon.carter233@mail.com', 'Brandon', 'Carter', '78408162', 'M', '1977-03-21', 'New Kellymouth', 4.6, 'no-pfp', 4),
('david234', 'hash234', 'david.gonzalez234@mail.com', 'David', 'Gonzalez', '51304482', 'M', '2005-07-22', 'Markside', 4.6, 'no-pfp', 3),
('tony235', 'hash235', 'tony.wade235@mail.com', 'Tony', 'Wade', '70977703', 'M', '2006-03-10', 'Port Bailey', 4.5, 'no-pfp', 4),
('david236', 'hash236', 'david.watson236@mail.com', 'David', 'Watson', '62393751', 'M', '2007-05-27', 'South Ronald', 3.9, 'no-pfp', 3),
('kenneth237', 'hash237', 'kenneth.campos237@mail.com', 'Kenneth', 'Campos', '32370372', 'M', '1984-09-18', 'Derekchester', 4.8, 'no-pfp', 4),
('steve238', 'hash238', 'steve.faulkner238@mail.com', 'Steve', 'Faulkner', '04576195', 'M', '1968-11-16', 'South Deborahchester', 4.0, 'no-pfp', 3),
('jose239', 'hash239', 'jose.rodriguez239@mail.com', 'Jose', 'Rodriguez', '47612591', 'M', '1959-06-18', 'North Kelly', 4.6, 'no-pfp', 5),
('christopher240', 'hash240', 'christopher.diaz240@mail.com', 'Christopher', 'Diaz', '58303417', 'M', '1961-06-30', 'Smithborough', 3.5, 'no-pfp', 4),
('jacqueline241', 'hash241', 'jacqueline.williams241@mail.com', 'Jacqueline', 'Williams', '41300957', 'M', '1973-07-03', 'Phillipberg', 3.9, 'no-pfp', 4),
('george242', 'hash242', 'george.becker242@mail.com', 'George', 'Becker', '50039765', 'M', '1970-02-25', 'Carrieton', 3.6, 'no-pfp', 5),
('mariah243', 'hash243', 'mariah.shaffer243@mail.com', 'Mariah', 'Shaffer', '39287585', 'M', '1961-12-17', 'North Shawn', 3.6, 'no-pfp', 3),
('denise244', 'hash244', 'denise.gardner244@mail.com', 'Denise', 'Gardner', '78793719', 'M', '1963-05-31', 'Travismouth', 4.2, 'no-pfp', 3),
('julie245', 'hash245', 'julie.warren245@mail.com', 'Julie', 'Warren', '32256464', 'M', '1994-10-05', 'Danielborough', 4.3, 'no-pfp', 5),
('sarah246', 'hash246', 'sarah.baxter246@mail.com', 'Sarah', 'Baxter', '41268249', 'M', '1981-11-23', 'East Rodney', 3.8, 'no-pfp', 3),
('thomas247', 'hash247', 'thomas.thompson247@mail.com', 'Thomas', 'Thompson', '81776762', 'M', '1992-03-17', 'Lisaside', 4.7, 'no-pfp', 5),
('sean248', 'hash248', 'sean.holmes248@mail.com', 'Sean', 'Holmes', '31162725', 'M', '1986-06-12', 'Michellebury', 4.3, 'no-pfp', 3),
('tony249', 'hash249', 'tony.wilson249@mail.com', 'Tony', 'Wilson', '88910842', 'M', '1972-01-25', 'West Tashatown', 4.3, 'no-pfp', 3),
('anthony250', 'hash250', 'anthony.ramos250@mail.com', 'Anthony', 'Ramos', '65549197', 'M', '1991-01-22', 'Deborahtown', 4.0, 'no-pfp', 5),
('carolyn251', 'hash251', 'carolyn.douglas251@mail.com', 'Carolyn', 'Douglas', '19931572', 'M', '1958-08-17', 'East Rhonda', 4.7, 'no-pfp', 4),
('katherine252', 'hash252', 'katherine.burke252@mail.com', 'Katherine', 'Burke', '35322984', 'M', '1960-03-31', 'Monicaton', 3.9, 'no-pfp', 3),
('alicia253', 'hash253', 'alicia.willis253@mail.com', 'Alicia', 'Willis', '06350570', 'M', '2005-12-16', 'South Douglasview', 4.3, 'no-pfp', 5),
('ashley254', 'hash254', 'ashley.berry254@mail.com', 'Ashley', 'Berry', '38787520', 'M', '1997-02-11', 'Port Juliefort', 4.5, 'no-pfp', 5),
('jacob255', 'hash255', 'jacob.martin255@mail.com', 'Jacob', 'Martin', '02999700', 'M', '1961-06-26', 'Richardburgh', 3.8, 'no-pfp', 5),
('amy256', 'hash256', 'amy.lopez256@mail.com', 'Amy', 'Lopez', '61038286', 'M', '1999-11-21', 'Flynnland', 3.7, 'no-pfp', 3),
('cathy257', 'hash257', 'cathy.sims257@mail.com', 'Cathy', 'Sims', '51977075', 'M', '1957-05-16', 'East Alexandra', 5.0, 'no-pfp', 3),
('william258', 'hash258', 'william.french258@mail.com', 'William', 'French', '23480337', 'M', '1982-05-29', 'New Erica', 4.1, 'no-pfp', 5),
('lisa259', 'hash259', 'lisa.thompson259@mail.com', 'Lisa', 'Thompson', '40682195', 'M', '1962-03-04', 'Port Alicechester', 4.1, 'no-pfp', 5),
('amanda260', 'hash260', 'amanda.gonzalez260@mail.com', 'Amanda', 'Gonzalez', '39253220', 'M', '2005-01-23', 'South Aaronmouth', 4.6, 'no-pfp', 5),
('rebecca261', 'hash261', 'rebecca.dudley261@mail.com', 'Rebecca', 'Dudley', '55132615', 'M', '1996-12-05', 'Lake Scott', 4.2, 'no-pfp', 5),
('anna262', 'hash262', 'anna.smith262@mail.com', 'Anna', 'Smith', '65460529', 'M', '1978-08-04', 'Nicolestad', 4.8, 'no-pfp', 3),
('jacqueline263', 'hash263', 'jacqueline.austin263@mail.com', 'Jacqueline', 'Austin', '33335751', 'M', '1971-12-01', 'North Stephanieport', 3.6, 'no-pfp', 4),
('teresa264', 'hash264', 'teresa.jones264@mail.com', 'Teresa', 'Jones', '29818041', 'M', '1978-09-16', 'West Tiffany', 3.9, 'no-pfp', 3),
('darrell265', 'hash265', 'darrell.jimenez265@mail.com', 'Darrell', 'Jimenez', '91029685', 'M', '1969-08-17', 'Evanberg', 4.9, 'no-pfp', 4),
('christopher266', 'hash266', 'christopher.garcia266@mail.com', 'Christopher', 'Garcia', '01341875', 'M', '1960-04-13', 'Hatfieldtown', 5.0, 'no-pfp', 3),
('vincent267', 'hash267', 'vincent.fletcher267@mail.com', 'Vincent', 'Fletcher', '70011165', 'M', '1995-07-02', 'Lake Sara', 4.5, 'no-pfp', 3),
('john268', 'hash268', 'john.cooper268@mail.com', 'John', 'Cooper', '74676950', 'M', '1971-09-08', 'Bradleyton', 4.6, 'no-pfp', 3),
('lorraine269', 'hash269', 'lorraine.morris269@mail.com', 'Lorraine', 'Morris', '59492710', 'M', '1964-03-29', 'Jamesville', 4.8, 'no-pfp', 5),
('sonya270', 'hash270', 'sonya.beck270@mail.com', 'Sonya', 'Beck', '74881453', 'M', '1963-03-29', 'South Alexander', 4.2, 'no-pfp', 4),
('brandy271', 'hash271', 'brandy.wilson271@mail.com', 'Brandy', 'Wilson', '13343354', 'M', '1978-02-20', 'Jameshaven', 4.0, 'no-pfp', 4),
('patty272', 'hash272', 'patty.hoffman272@mail.com', 'Patty', 'Hoffman', '16045345', 'M', '1971-04-25', 'East Suzannemouth', 4.2, 'no-pfp', 4),
('andrew273', 'hash273', 'andrew.gutierrez273@mail.com', 'Andrew', 'Gutierrez', '88632016', 'M', '1960-09-28', 'Davisberg', 4.5, 'no-pfp', 4),
('heather274', 'hash274', 'heather.anderson274@mail.com', 'Heather', 'Anderson', '25117932', 'M', '1955-08-31', 'Karenberg', 3.8, 'no-pfp', 4),
('amy275', 'hash275', 'amy.brown275@mail.com', 'Amy', 'Brown', '58501825', 'M', '1996-07-25', 'Lake Mark', 4.2, 'no-pfp', 5),
('debra276', 'hash276', 'debra.lyons276@mail.com', 'Debra', 'Lyons', '08367123', 'M', '1973-12-25', 'Tammytown', 4.8, 'no-pfp', 4),
('kayla277', 'hash277', 'kayla.jordan277@mail.com', 'Kayla', 'Jordan', '83440574', 'M', '1957-01-21', 'Ericborough', 3.7, 'no-pfp', 4),
('elizabeth278', 'hash278', 'elizabeth.curry278@mail.com', 'Elizabeth', 'Curry', '44268737', 'M', '1979-04-20', 'Romanchester', 4.2, 'no-pfp', 4),
('connor279', 'hash279', 'connor.day279@mail.com', 'Connor', 'Day', '98101229', 'M', '1974-03-28', 'Bobbytown', 3.7, 'no-pfp', 5),
('nathan280', 'hash280', 'nathan.wilson280@mail.com', 'Nathan', 'Wilson', '59548488', 'M', '1988-05-24', 'Claudiaberg', 5.0, 'no-pfp', 5),
('ann281', 'hash281', 'ann.anderson281@mail.com', 'Ann', 'Anderson', '92296426', 'M', '1999-06-04', 'Bradleyton', 3.9, 'no-pfp', 3),
('brittany282', 'hash282', 'brittany.morgan282@mail.com', 'Brittany', 'Morgan', '43358356', 'M', '1998-05-08', 'North Robin', 3.5, 'no-pfp', 3),
('rachel283', 'hash283', 'rachel.kelley283@mail.com', 'Rachel', 'Kelley', '85366109', 'M', '1971-06-13', 'East Josephton', 4.9, 'no-pfp', 4),
('kathleen284', 'hash284', 'kathleen.harvey284@mail.com', 'Kathleen', 'Harvey', '23360153', 'M', '2001-04-26', 'New Laura', 3.6, 'no-pfp', 3),
('sierra285', 'hash285', 'sierra.miller285@mail.com', 'Sierra', 'Miller', '98085786', 'M', '1996-05-29', 'Tuckerside', 4.0, 'no-pfp', 4),
('brandon286', 'hash286', 'brandon.miller286@mail.com', 'Brandon', 'Miller', '49715879', 'M', '2000-05-03', 'New Katherineview', 4.9, 'no-pfp', 5),
('kathy287', 'hash287', 'kathy.carroll287@mail.com', 'Kathy', 'Carroll', '18628714', 'M', '1983-03-07', 'New Alan', 4.5, 'no-pfp', 5),
('joshua288', 'hash288', 'joshua.lee288@mail.com', 'Joshua', 'Lee', '20907472', 'M', '1999-02-15', 'Williamview', 4.9, 'no-pfp', 3),
('alyssa289', 'hash289', 'alyssa.frederick289@mail.com', 'Alyssa', 'Frederick', '99060974', 'M', '1984-06-30', 'Lake Jerry', 4.6, 'no-pfp', 5),
('christina290', 'hash290', 'christina.brown290@mail.com', 'Christina', 'Brown', '82535192', 'M', '1957-08-07', 'West Tammy', 4.7, 'no-pfp', 3),
('thomas291', 'hash291', 'thomas.martinez291@mail.com', 'Thomas', 'Martinez', '84581618', 'M', '1995-09-12', 'West Amanda', 4.1, 'no-pfp', 4),
('john292', 'hash292', 'john.schultz292@mail.com', 'John', 'Schultz', '09526337', 'M', '2003-09-21', 'West Jeffrey', 3.6, 'no-pfp', 4),
('jason293', 'hash293', 'jason.brown293@mail.com', 'Jason', 'Brown', '17747534', 'M', '2004-01-12', 'Lawsonfort', 3.9, 'no-pfp', 5),
('carol294', 'hash294', 'carol.mcdonald294@mail.com', 'Carol', 'Mcdonald', '94625005', 'M', '1964-09-19', 'East Jadebury', 4.3, 'no-pfp', 4),
('kerri295', 'hash295', 'kerri.lindsey295@mail.com', 'Kerri', 'Lindsey', '46396980', 'M', '1985-06-11', 'Lake Robinhaven', 4.2, 'no-pfp', 4),
('carlos296', 'hash296', 'carlos.ryan296@mail.com', 'Carlos', 'Ryan', '32207928', 'M', '1992-12-19', 'West Wesley', 4.4, 'no-pfp', 4),
('james297', 'hash297', 'james.lewis297@mail.com', 'James', 'Lewis', '55788896', 'M', '1991-09-05', 'Waltersmouth', 4.0, 'no-pfp', 4),
('jennifer298', 'hash298', 'jennifer.peterson298@mail.com', 'Jennifer', 'Peterson', '35773613', 'M', '1969-04-09', 'Kathleenmouth', 3.7, 'no-pfp', 4),
('jennifer299', 'hash299', 'jennifer.miles299@mail.com', 'Jennifer', 'Miles', '23144376', 'M', '2004-09-16', 'Rachelmouth', 4.6, 'no-pfp', 4),
('david300', 'hash300', 'david.larson300@mail.com', 'David', 'Larson', '91870324', 'M', '1992-06-26', 'West Cheryl', 3.8, 'no-pfp', 4),
('douglas301', 'hash301', 'douglas.robinson301@mail.com', 'Douglas', 'Robinson', '54344054', 'M', '1957-07-07', 'Charlesside', 3.7, 'no-pfp', 5),
('roberta302', 'hash302', 'roberta.perkins302@mail.com', 'Roberta', 'Perkins', '38008774', 'M', '1997-12-14', 'Lake Benjamintown', 4.2, 'no-pfp', 4),
('michele303', 'hash303', 'michele.graham303@mail.com', 'Michele', 'Graham', '28215132', 'M', '1964-10-21', 'Shawnview', 4.4, 'no-pfp', 5),
('taylor304', 'hash304', 'taylor.riddle304@mail.com', 'Taylor', 'Riddle', '96285996', 'M', '1959-03-21', 'North Richardchester', 4.5, 'no-pfp', 3),
('janet305', 'hash305', 'janet.rodriguez305@mail.com', 'Janet', 'Rodriguez', '43357106', 'M', '1999-01-27', 'Morganmouth', 4.7, 'no-pfp', 4),
('kyle306', 'hash306', 'kyle.coleman306@mail.com', 'Kyle', 'Coleman', '10889589', 'M', '1994-10-19', 'Port Adam', 4.6, 'no-pfp', 3),
('cynthia307', 'hash307', 'cynthia.anderson307@mail.com', 'Cynthia', 'Anderson', '53865950', 'M', '1999-08-03', 'Williamview', 3.9, 'no-pfp', 5),
('christopher308', 'hash308', 'christopher.fleming308@mail.com', 'Christopher', 'Fleming', '32381079', 'M', '2007-04-11', 'South Carlosview', 4.8, 'no-pfp', 3),
('kevin309', 'hash309', 'kevin.mccarty309@mail.com', 'Kevin', 'Mccarty', '32107700', 'M', '1994-04-14', 'Tiffanyview', 3.7, 'no-pfp', 5),
('brenda310', 'hash310', 'brenda.aguilar310@mail.com', 'Brenda', 'Aguilar', '01066921', 'M', '1968-04-16', 'East Paula', 4.2, 'no-pfp', 5),
('andrew311', 'hash311', 'andrew.thompson311@mail.com', 'Andrew', 'Thompson', '93557216', 'M', '2001-12-13', 'West Regina', 4.7, 'no-pfp', 3),
('jasmine312', 'hash312', 'jasmine.ware312@mail.com', 'Jasmine', 'Ware', '21754956', 'M', '1978-12-21', 'Port Brian', 4.8, 'no-pfp', 4),
('megan313', 'hash313', 'megan.maxwell313@mail.com', 'Megan', 'Maxwell', '12443365', 'M', '1973-10-31', 'Josephtown', 4.7, 'no-pfp', 5),
('andrew314', 'hash314', 'andrew.beltran314@mail.com', 'Andrew', 'Beltran', '84248879', 'M', '1971-07-16', 'East Brianfurt', 3.6, 'no-pfp', 3),
('lori315', 'hash315', 'lori.khan315@mail.com', 'Lori', 'Khan', '90898994', 'M', '1980-06-21', 'Patrickfort', 4.7, 'no-pfp', 4),
('robert316', 'hash316', 'robert.jones316@mail.com', 'Robert', 'Jones', '48412672', 'M', '2002-04-06', 'Richardchester', 3.8, 'no-pfp', 5),
('cindy317', 'hash317', 'cindy.vega317@mail.com', 'Cindy', 'Vega', '23811900', 'M', '1964-03-29', 'Pamelafurt', 3.5, 'no-pfp', 4),
('stephanie318', 'hash318', 'stephanie.fitzgerald318@mail.com', 'Stephanie', 'Fitzgerald', '24807045', 'M', '1961-02-06', 'Josephberg', 4.8, 'no-pfp', 5),
('jennifer319', 'hash319', 'jennifer.wallace319@mail.com', 'Jennifer', 'Wallace', '76173189', 'M', '1994-04-03', 'New Jeffrey', 4.7, 'no-pfp', 5),
('teresa320', 'hash320', 'teresa.smith320@mail.com', 'Teresa', 'Smith', '52790527', 'M', '1972-01-31', 'Paulachester', 3.5, 'no-pfp', 3),
('christian321', 'hash321', 'christian.curry321@mail.com', 'Christian', 'Curry', '58874877', 'M', '1980-07-14', 'Costahaven', 5.0, 'no-pfp', 3),
('tonya322', 'hash322', 'tonya.gomez322@mail.com', 'Tonya', 'Gomez', '32362485', 'M', '1990-06-04', 'Espinozaview', 5.0, 'no-pfp', 4),
('michael323', 'hash323', 'michael.suarez323@mail.com', 'Michael', 'Suarez', '02466375', 'M', '1979-06-17', 'Sarahside', 4.2, 'no-pfp', 3),
('jeremy324', 'hash324', 'jeremy.watson324@mail.com', 'Jeremy', 'Watson', '17996812', 'M', '2003-04-17', 'Smithton', 4.2, 'no-pfp', 4),
('rachel325', 'hash325', 'rachel.irwin325@mail.com', 'Rachel', 'Irwin', '79656156', 'M', '1996-04-18', 'Holmesbury', 4.2, 'no-pfp', 5),
('lauren326', 'hash326', 'lauren.sanders326@mail.com', 'Lauren', 'Sanders', '12222398', 'M', '1975-08-11', 'West Sharonburgh', 4.8, 'no-pfp', 3),
('leslie327', 'hash327', 'leslie.washington327@mail.com', 'Leslie', 'Washington', '51987495', 'M', '1994-04-23', 'East Biancaburgh', 4.4, 'no-pfp', 3),
('rachel328', 'hash328', 'rachel.sparks328@mail.com', 'Rachel', 'Sparks', '00623381', 'M', '1956-06-01', 'New Stephanie', 4.0, 'no-pfp', 4),
('barbara329', 'hash329', 'barbara.carroll329@mail.com', 'Barbara', 'Carroll', '16979102', 'M', '1994-03-17', 'Port Jerome', 3.8, 'no-pfp', 3),
('christopher330', 'hash330', 'christopher.wright330@mail.com', 'Christopher', 'Wright', '69077420', 'M', '1968-07-06', 'East Fernandoburgh', 4.0, 'no-pfp', 3),
('teresa331', 'hash331', 'teresa.henderson331@mail.com', 'Teresa', 'Henderson', '88893436', 'M', '2001-03-12', 'Lake Lisaburgh', 3.6, 'no-pfp', 5),
('danielle332', 'hash332', 'danielle.hudson332@mail.com', 'Danielle', 'Hudson', '55609572', 'M', '2004-07-06', 'Lake Stevenborough', 4.7, 'no-pfp', 3),
('charlotte333', 'hash333', 'charlotte.rosales333@mail.com', 'Charlotte', 'Rosales', '53232852', 'M', '1981-12-09', 'Solomonport', 4.0, 'no-pfp', 4),
('randy334', 'hash334', 'randy.perez334@mail.com', 'Randy', 'Perez', '37480387', 'M', '1995-08-23', 'Port Susan', 4.6, 'no-pfp', 3),
('alexandra335', 'hash335', 'alexandra.kelly335@mail.com', 'Alexandra', 'Kelly', '46118088', 'M', '2005-09-08', 'West Joshua', 3.8, 'no-pfp', 3),
('sarah336', 'hash336', 'sarah.lawson336@mail.com', 'Sarah', 'Lawson', '50319429', 'M', '1978-11-01', 'Jacobstown', 4.1, 'no-pfp', 3),
('joshua337', 'hash337', 'joshua.arroyo337@mail.com', 'Joshua', 'Arroyo', '94674471', 'M', '1973-11-27', 'Lamhaven', 4.9, 'no-pfp', 4),
('zachary338', 'hash338', 'zachary.norris338@mail.com', 'Zachary', 'Norris', '89856873', 'M', '2002-09-28', 'Keithside', 3.9, 'no-pfp', 4),
('lynn339', 'hash339', 'lynn.walton339@mail.com', 'Lynn', 'Walton', '88843101', 'M', '1992-12-10', 'Norrismouth', 4.1, 'no-pfp', 4),
('christopher340', 'hash340', 'christopher.rich340@mail.com', 'Christopher', 'Rich', '16999050', 'M', '1981-06-12', 'Port Jameshaven', 4.9, 'no-pfp', 4),
('stacey341', 'hash341', 'stacey.fleming341@mail.com', 'Stacey', 'Fleming', '61971051', 'M', '1999-10-16', 'Stewartshire', 4.3, 'no-pfp', 4),
('rachel342', 'hash342', 'rachel.stevens342@mail.com', 'Rachel', 'Stevens', '42072172', 'M', '1965-12-08', 'Lake Meganhaven', 4.6, 'no-pfp', 5),
('joy343', 'hash343', 'joy.newton343@mail.com', 'Joy', 'Newton', '32489016', 'M', '1959-09-14', 'New Craig', 4.1, 'no-pfp', 5),
('christine344', 'hash344', 'christine.cole344@mail.com', 'Christine', 'Cole', '28530761', 'M', '1994-12-29', 'Greenstad', 4.3, 'no-pfp', 5),
('david345', 'hash345', 'david.smith345@mail.com', 'David', 'Smith', '75621391', 'M', '1987-06-02', 'East Gregoryshire', 4.8, 'no-pfp', 5),
('gina346', 'hash346', 'gina.hughes346@mail.com', 'Gina', 'Hughes', '21457901', 'M', '2005-04-21', 'East Joshuamouth', 4.2, 'no-pfp', 5),
('ronald347', 'hash347', 'ronald.donovan347@mail.com', 'Ronald', 'Donovan', '98071868', 'M', '1980-06-27', 'South Brandonburgh', 4.0, 'no-pfp', 3),
('michelle348', 'hash348', 'michelle.parsons348@mail.com', 'Michelle', 'Parsons', '44527872', 'M', '1991-02-13', 'Tranview', 4.4, 'no-pfp', 4),
('ricky349', 'hash349', 'ricky.carter349@mail.com', 'Ricky', 'Carter', '67419844', 'M', '1982-07-29', 'Austinborough', 4.4, 'no-pfp', 5),
('sarah350', 'hash350', 'sarah.hall350@mail.com', 'Sarah', 'Hall', '45744271', 'M', '1984-12-03', 'South Gregory', 4.8, 'no-pfp', 4),
('lindsay351', 'hash351', 'lindsay.hines351@mail.com', 'Lindsay', 'Hines', '85908826', 'M', '1986-12-22', 'East Amanda', 3.6, 'no-pfp', 5),
('daniel352', 'hash352', 'daniel.huff352@mail.com', 'Daniel', 'Huff', '19035828', 'M', '2004-09-15', 'Paulberg', 4.4, 'no-pfp', 4),
('christopher353', 'hash353', 'christopher.perez353@mail.com', 'Christopher', 'Perez', '46764556', 'M', '2000-02-10', 'West Debra', 3.6, 'no-pfp', 3),
('mark354', 'hash354', 'mark.sims354@mail.com', 'Mark', 'Sims', '06882362', 'M', '1968-01-02', 'Mooreside', 4.8, 'no-pfp', 5),
('jennifer355', 'hash355', 'jennifer.powers355@mail.com', 'Jennifer', 'Powers', '03609050', 'M', '2004-07-06', 'West Barbarachester', 4.5, 'no-pfp', 4),
('charles356', 'hash356', 'charles.dyer356@mail.com', 'Charles', 'Dyer', '09917919', 'M', '1959-05-10', 'West Melanie', 5.0, 'no-pfp', 3),
('ann357', 'hash357', 'ann.bernard357@mail.com', 'Ann', 'Bernard', '48311326', 'M', '1995-05-18', 'Martinezberg', 3.7, 'no-pfp', 5),
('melissa358', 'hash358', 'melissa.wells358@mail.com', 'Melissa', 'Wells', '65413419', 'M', '1956-05-21', 'East Petershire', 3.6, 'no-pfp', 3),
('matthew359', 'hash359', 'matthew.patterson359@mail.com', 'Matthew', 'Patterson', '69263024', 'M', '1986-04-17', 'East Marc', 4.4, 'no-pfp', 5),
('kenneth360', 'hash360', 'kenneth.warren360@mail.com', 'Kenneth', 'Warren', '45243871', 'M', '1980-09-13', 'Patriciatown', 4.7, 'no-pfp', 4),
('harry361', 'hash361', 'harry.sullivan361@mail.com', 'Harry', 'Sullivan', '93716708', 'M', '1971-01-21', 'Scottburgh', 4.0, 'no-pfp', 5),
('alex362', 'hash362', 'alex.jones362@mail.com', 'Alex', 'Jones', '85818893', 'M', '1966-04-24', 'Blakeville', 3.6, 'no-pfp', 4),
('raymond363', 'hash363', 'raymond.russell363@mail.com', 'Raymond', 'Russell', '82832764', 'M', '2005-08-20', 'Dawnside', 4.5, 'no-pfp', 5),
('robin364', 'hash364', 'robin.johnson364@mail.com', 'Robin', 'Johnson', '88898428', 'M', '1998-09-29', 'Robertfurt', 3.7, 'no-pfp', 5),
('bethany365', 'hash365', 'bethany.daniels365@mail.com', 'Bethany', 'Daniels', '98639187', 'M', '1961-03-04', 'Macdonaldville', 3.5, 'no-pfp', 4),
('michael366', 'hash366', 'michael.church366@mail.com', 'Michael', 'Church', '53325644', 'M', '1967-04-06', 'Hawkinsview', 4.5, 'no-pfp', 5),
('tammie367', 'hash367', 'tammie.martin367@mail.com', 'Tammie', 'Martin', '99617058', 'M', '1968-07-06', 'Lake Amanda', 4.2, 'no-pfp', 4),
('howard368', 'hash368', 'howard.gonzales368@mail.com', 'Howard', 'Gonzales', '02215867', 'M', '1999-02-25', 'Cameronport', 4.8, 'no-pfp', 3),
('cindy369', 'hash369', 'cindy.lewis369@mail.com', 'Cindy', 'Lewis', '03919097', 'M', '1954-12-02', 'Port Nataliefurt', 4.8, 'no-pfp', 5),
('cassandra370', 'hash370', 'cassandra.kennedy370@mail.com', 'Cassandra', 'Kennedy', '55375145', 'M', '2002-05-08', 'Chapmantown', 4.0, 'no-pfp', 3),
('john371', 'hash371', 'john.hendrix371@mail.com', 'John', 'Hendrix', '83939947', 'M', '2002-04-25', 'Joanhaven', 4.6, 'no-pfp', 3),
('brittany372', 'hash372', 'brittany.robinson372@mail.com', 'Brittany', 'Robinson', '34603313', 'M', '1987-07-21', 'East Michael', 3.5, 'no-pfp', 5),
('katherine373', 'hash373', 'katherine.moore373@mail.com', 'Katherine', 'Moore', '05958621', 'M', '1956-05-05', 'Griffithtown', 3.6, 'no-pfp', 3),
('sean374', 'hash374', 'sean.meyer374@mail.com', 'Sean', 'Meyer', '73002074', 'M', '2002-07-08', 'Littlemouth', 3.7, 'no-pfp', 3),
('lynn375', 'hash375', 'lynn.cummings375@mail.com', 'Lynn', 'Cummings', '02276036', 'M', '1977-08-11', 'Lake Andrew', 4.3, 'no-pfp', 3),
('denise376', 'hash376', 'denise.kennedy376@mail.com', 'Denise', 'Kennedy', '04117111', 'M', '1986-10-25', 'Nelsonchester', 4.1, 'no-pfp', 4),
('ronald377', 'hash377', 'ronald.reed377@mail.com', 'Ronald', 'Reed', '37550623', 'M', '1990-01-31', 'Warnerburgh', 4.5, 'no-pfp', 3),
('alexis378', 'hash378', 'alexis.garcia378@mail.com', 'Alexis', 'Garcia', '08748581', 'M', '2002-06-09', 'Joshuahaven', 5.0, 'no-pfp', 5),
('valerie379', 'hash379', 'valerie.berry379@mail.com', 'Valerie', 'Berry', '91741821', 'M', '1975-05-29', 'Greenfurt', 4.6, 'no-pfp', 3),
('brittney380', 'hash380', 'brittney.lucas380@mail.com', 'Brittney', 'Lucas', '95365273', 'M', '1974-05-24', 'South Michelle', 4.6, 'no-pfp', 3),
('bryan381', 'hash381', 'bryan.greene381@mail.com', 'Bryan', 'Greene', '98542196', 'M', '2004-01-14', 'Josefurt', 3.7, 'no-pfp', 5),
('michelle382', 'hash382', 'michelle.mahoney382@mail.com', 'Michelle', 'Mahoney', '64892548', 'M', '1965-07-11', 'Lake Hollystad', 3.7, 'no-pfp', 3),
('sarah383', 'hash383', 'sarah.robinson383@mail.com', 'Sarah', 'Robinson', '58723983', 'M', '1977-02-12', 'Thomasborough', 3.5, 'no-pfp', 3),
('christine384', 'hash384', 'christine.norman384@mail.com', 'Christine', 'Norman', '67572075', 'M', '2004-08-11', 'Danielview', 3.9, 'no-pfp', 5),
('taylor385', 'hash385', 'taylor.harper385@mail.com', 'Taylor', 'Harper', '81559717', 'M', '1981-07-26', 'East Steven', 4.4, 'no-pfp', 5),
('joshua386', 'hash386', 'joshua.gonzalez386@mail.com', 'Joshua', 'Gonzalez', '57420794', 'M', '2002-04-01', 'Cummingshaven', 4.6, 'no-pfp', 3),
('joseph387', 'hash387', 'joseph.howard387@mail.com', 'Joseph', 'Howard', '76526706', 'M', '1992-06-03', 'Melissafort', 4.8, 'no-pfp', 5),
('lisa388', 'hash388', 'lisa.mack388@mail.com', 'Lisa', 'Mack', '70049180', 'M', '2005-01-14', 'Rossville', 4.1, 'no-pfp', 4),
('diamond389', 'hash389', 'diamond.simon389@mail.com', 'Diamond', 'Simon', '92522895', 'M', '1968-09-22', 'Brentland', 3.7, 'no-pfp', 4),
('pamela390', 'hash390', 'pamela.rivers390@mail.com', 'Pamela', 'Rivers', '60023441', 'M', '1996-03-30', 'Thomaston', 4.4, 'no-pfp', 5),
('william391', 'hash391', 'william.martinez391@mail.com', 'William', 'Martinez', '79100273', 'M', '1991-09-28', 'North Jacob', 4.6, 'no-pfp', 4),
('jennifer392', 'hash392', 'jennifer.petersen392@mail.com', 'Jennifer', 'Petersen', '66077648', 'M', '1990-02-16', 'Lake Larrymouth', 4.8, 'no-pfp', 3),
('lisa393', 'hash393', 'lisa.rodriguez393@mail.com', 'Lisa', 'Rodriguez', '53688564', 'M', '1982-11-18', 'Lake Cindy', 4.6, 'no-pfp', 3),
('deborah394', 'hash394', 'deborah.griffin394@mail.com', 'Deborah', 'Griffin', '27511146', 'M', '1960-03-09', 'Weaverland', 4.1, 'no-pfp', 5),
('max395', 'hash395', 'max.davis395@mail.com', 'Max', 'Davis', '56554659', 'M', '1965-04-09', 'New Keith', 3.8, 'no-pfp', 3),
('tammy396', 'hash396', 'tammy.neal396@mail.com', 'Tammy', 'Neal', '42697927', 'M', '1967-02-16', 'Carolville', 4.3, 'no-pfp', 4),
('christopher397', 'hash397', 'christopher.morris397@mail.com', 'Christopher', 'Morris', '92751886', 'M', '1991-02-09', 'East Katelyn', 3.9, 'no-pfp', 4),
('debra398', 'hash398', 'debra.lucero398@mail.com', 'Debra', 'Lucero', '37771065', 'M', '1964-08-11', 'South Mark', 4.9, 'no-pfp', 4),
('james399', 'hash399', 'james.dunlap399@mail.com', 'James', 'Dunlap', '78186275', 'M', '1989-04-05', 'Andrewbury', 4.7, 'no-pfp', 4),
('veronica400', 'hash400', 'veronica.scott400@mail.com', 'Veronica', 'Scott', '27083993', 'M', '2003-09-13', 'Garciabury', 4.7, 'no-pfp', 3),
('john401', 'hash401', 'john.estes401@mail.com', 'John', 'Estes', '06659671', 'M', '1983-02-06', 'North Timothy', 3.5, 'no-pfp', 3),
('crystal402', 'hash402', 'crystal.rogers402@mail.com', 'Crystal', 'Rogers', '51677719', 'M', '1977-07-15', 'New Damonchester', 4.0, 'no-pfp', 4),
('susan403', 'hash403', 'susan.villarreal403@mail.com', 'Susan', 'Villarreal', '05116655', 'M', '1965-11-25', 'New Rachel', 4.3, 'no-pfp', 4),
('andrew404', 'hash404', 'andrew.bradley404@mail.com', 'Andrew', 'Bradley', '19156751', 'M', '1996-05-06', 'Brianborough', 3.7, 'no-pfp', 3),
('heather405', 'hash405', 'heather.anderson405@mail.com', 'Heather', 'Anderson', '19923922', 'M', '1972-11-05', 'Bethanystad', 4.4, 'no-pfp', 4),
('kristi406', 'hash406', 'kristi.hall406@mail.com', 'Kristi', 'Hall', '03896190', 'M', '1977-08-25', 'Davidville', 3.7, 'no-pfp', 3),
('angela407', 'hash407', 'angela.hart407@mail.com', 'Angela', 'Hart', '98102131', 'M', '1959-09-06', 'Ramoshaven', 5.0, 'no-pfp', 5),
('james408', 'hash408', 'james.hammond408@mail.com', 'James', 'Hammond', '91327859', 'M', '1989-09-26', 'Kingville', 3.8, 'no-pfp', 4),
('brian409', 'hash409', 'brian.sanders409@mail.com', 'Brian', 'Sanders', '87766968', 'M', '1981-12-26', 'Port Mary', 4.1, 'no-pfp', 4),
('tanya410', 'hash410', 'tanya.wood410@mail.com', 'Tanya', 'Wood', '21629486', 'M', '1992-01-13', 'New Gerald', 4.7, 'no-pfp', 3),
('melissa411', 'hash411', 'melissa.mcmahon411@mail.com', 'Melissa', 'Mcmahon', '34974543', 'M', '1979-09-22', 'Lewisburgh', 4.0, 'no-pfp', 4),
('lindsey412', 'hash412', 'lindsey.swanson412@mail.com', 'Lindsey', 'Swanson', '90960629', 'M', '1960-01-26', 'Rileybury', 4.7, 'no-pfp', 4),
('frank413', 'hash413', 'frank.hodges413@mail.com', 'Frank', 'Hodges', '20140094', 'M', '2006-11-07', 'West Joseph', 4.4, 'no-pfp', 5),
('jennifer414', 'hash414', 'jennifer.lopez414@mail.com', 'Jennifer', 'Lopez', '51527834', 'M', '2000-02-09', 'Carolview', 4.4, 'no-pfp', 5),
('bethany415', 'hash415', 'bethany.white415@mail.com', 'Bethany', 'White', '48647184', 'M', '1989-09-06', 'Flemingville', 4.0, 'no-pfp', 4),
('amy416', 'hash416', 'amy.ford416@mail.com', 'Amy', 'Ford', '00698085', 'M', '1992-05-03', 'West Donald', 4.7, 'no-pfp', 5),
('tracy417', 'hash417', 'tracy.jones417@mail.com', 'Tracy', 'Jones', '74434058', 'M', '1976-07-18', 'Sanchezview', 4.0, 'no-pfp', 3),
('lauren418', 'hash418', 'lauren.howard418@mail.com', 'Lauren', 'Howard', '90482375', 'M', '1997-10-24', 'South Nicolas', 4.6, 'no-pfp', 4),
('vanessa419', 'hash419', 'vanessa.jenkins419@mail.com', 'Vanessa', 'Jenkins', '00353011', 'M', '1999-05-20', 'North Cynthia', 4.1, 'no-pfp', 4),
('jennifer420', 'hash420', 'jennifer.simpson420@mail.com', 'Jennifer', 'Simpson', '92356664', 'M', '1995-11-23', 'Trevorfort', 3.7, 'no-pfp', 3),
('carol421', 'hash421', 'carol.pugh421@mail.com', 'Carol', 'Pugh', '83537620', 'M', '1955-05-14', 'Robinsonhaven', 4.8, 'no-pfp', 4),
('angelica422', 'hash422', 'angelica.white422@mail.com', 'Angelica', 'White', '21135423', 'M', '1989-01-05', 'Wardfort', 4.7, 'no-pfp', 5),
('elizabeth423', 'hash423', 'elizabeth.skinner423@mail.com', 'Elizabeth', 'Skinner', '50938321', 'M', '1969-05-02', 'West Grace', 4.4, 'no-pfp', 4),
('sean424', 'hash424', 'sean.richardson424@mail.com', 'Sean', 'Richardson', '38647073', 'M', '1973-02-06', 'Robertburgh', 4.5, 'no-pfp', 3),
('richard425', 'hash425', 'richard.walker425@mail.com', 'Richard', 'Walker', '87268234', 'M', '2003-10-20', 'Lake Paulville', 3.7, 'no-pfp', 5),
('kristin426', 'hash426', 'kristin.delgado426@mail.com', 'Kristin', 'Delgado', '31690919', 'M', '1962-06-27', 'North Haroldland', 4.7, 'no-pfp', 5),
('sarah427', 'hash427', 'sarah.walters427@mail.com', 'Sarah', 'Walters', '66019797', 'M', '1964-12-23', 'Shelleymouth', 4.0, 'no-pfp', 3),
('karen428', 'hash428', 'karen.morgan428@mail.com', 'Karen', 'Morgan', '34030985', 'M', '1984-03-15', 'Shawnfurt', 3.6, 'no-pfp', 3),
('alex429', 'hash429', 'alex.green429@mail.com', 'Alex', 'Green', '36681278', 'M', '2006-11-25', 'Thompsonstad', 4.3, 'no-pfp', 4),
('sean430', 'hash430', 'sean.conley430@mail.com', 'Sean', 'Conley', '26604855', 'M', '1972-02-26', 'West Samantha', 3.7, 'no-pfp', 3),
('haley431', 'hash431', 'haley.carter431@mail.com', 'Haley', 'Carter', '44260346', 'M', '1968-03-26', 'Stefanieberg', 3.7, 'no-pfp', 4),
('stephanie432', 'hash432', 'stephanie.ross432@mail.com', 'Stephanie', 'Ross', '31073381', 'M', '1966-12-14', 'New Alicialand', 4.1, 'no-pfp', 3),
('andrea433', 'hash433', 'andrea.benson433@mail.com', 'Andrea', 'Benson', '50931369', 'M', '1984-02-13', 'Greenefort', 4.4, 'no-pfp', 5),
('cheyenne434', 'hash434', 'cheyenne.west434@mail.com', 'Cheyenne', 'West', '41514626', 'M', '1965-01-20', 'Bradshawport', 4.3, 'no-pfp', 4),
('monica435', 'hash435', 'monica.dickson435@mail.com', 'Monica', 'Dickson', '79956923', 'M', '1975-04-18', 'West Mary', 3.6, 'no-pfp', 3),
('cynthia436', 'hash436', 'cynthia.hawkins436@mail.com', 'Cynthia', 'Hawkins', '04672754', 'M', '1996-05-01', 'Derekfort', 4.5, 'no-pfp', 4),
('zachary437', 'hash437', 'zachary.parker437@mail.com', 'Zachary', 'Parker', '76116934', 'M', '1974-06-09', 'West Karl', 4.2, 'no-pfp', 3),
('melinda438', 'hash438', 'melinda.thomas438@mail.com', 'Melinda', 'Thomas', '34203605', 'M', '1968-12-14', 'North Katherine', 4.6, 'no-pfp', 4),
('tracey439', 'hash439', 'tracey.hall439@mail.com', 'Tracey', 'Hall', '99341304', 'M', '1986-11-28', 'West Paulfurt', 4.9, 'no-pfp', 5),
('brandon440', 'hash440', 'brandon.strong440@mail.com', 'Brandon', 'Strong', '69706432', 'M', '1986-03-12', 'Port Colechester', 5.0, 'no-pfp', 5),
('jessica441', 'hash441', 'jessica.lee441@mail.com', 'Jessica', 'Lee', '38429026', 'M', '1984-10-13', 'West Ryanmouth', 3.7, 'no-pfp', 3),
('robert442', 'hash442', 'robert.gallagher442@mail.com', 'Robert', 'Gallagher', '76340949', 'M', '1978-02-03', 'Gilesshire', 3.5, 'no-pfp', 5),
('erik443', 'hash443', 'erik.jacobson443@mail.com', 'Erik', 'Jacobson', '92722185', 'M', '1990-05-15', 'Griffinview', 4.3, 'no-pfp', 5),
('anthony444', 'hash444', 'anthony.aguilar444@mail.com', 'Anthony', 'Aguilar', '37741442', 'M', '1957-10-25', 'Coleborough', 4.3, 'no-pfp', 3),
('kathryn445', 'hash445', 'kathryn.powell445@mail.com', 'Kathryn', 'Powell', '35178252', 'M', '1989-08-08', 'Port Douglas', 4.3, 'no-pfp', 5),
('paul446', 'hash446', 'paul.jackson446@mail.com', 'Paul', 'Jackson', '68032442', 'M', '1997-06-19', 'Olsonburgh', 4.7, 'no-pfp', 5),
('anthony447', 'hash447', 'anthony.bridges447@mail.com', 'Anthony', 'Bridges', '87946863', 'M', '1957-01-31', 'Duncanport', 3.5, 'no-pfp', 4),
('jeremy448', 'hash448', 'jeremy.perkins448@mail.com', 'Jeremy', 'Perkins', '98681781', 'M', '1963-08-07', 'Chelseatown', 3.5, 'no-pfp', 5),
('shirley449', 'hash449', 'shirley.cannon449@mail.com', 'Shirley', 'Cannon', '86078943', 'M', '1998-12-31', 'Scottborough', 4.3, 'no-pfp', 4),
('kelsey450', 'hash450', 'kelsey.richardson450@mail.com', 'Kelsey', 'Richardson', '20319786', 'M', '1963-03-30', 'Natalieville', 4.2, 'no-pfp', 3),
('justin451', 'hash451', 'justin.williams451@mail.com', 'Justin', 'Williams', '92273750', 'M', '1996-02-01', 'North Stephanieport', 4.7, 'no-pfp', 3),
('lisa452', 'hash452', 'lisa.bauer452@mail.com', 'Lisa', 'Bauer', '22968007', 'M', '1978-12-19', 'Lake Feliciaton', 4.6, 'no-pfp', 4),
('steven453', 'hash453', 'steven.smith453@mail.com', 'Steven', 'Smith', '93604320', 'M', '1978-02-22', 'West Rodneyfort', 4.1, 'no-pfp', 3),
('elizabeth454', 'hash454', 'elizabeth.davis454@mail.com', 'Elizabeth', 'Davis', '94468744', 'M', '2004-12-28', 'Clarkberg', 3.8, 'no-pfp', 5),
('amy455', 'hash455', 'amy.barnett455@mail.com', 'Amy', 'Barnett', '16248472', 'M', '1974-12-05', 'North Ashley', 3.7, 'no-pfp', 5),
('robert456', 'hash456', 'robert.howard456@mail.com', 'Robert', 'Howard', '72596489', 'M', '1970-01-17', 'Stevenville', 4.0, 'no-pfp', 4),
('kenneth457', 'hash457', 'kenneth.greene457@mail.com', 'Kenneth', 'Greene', '32785221', 'M', '1969-01-04', 'Walterhaven', 4.1, 'no-pfp', 4),
('ashley458', 'hash458', 'ashley.hernandez458@mail.com', 'Ashley', 'Hernandez', '62633737', 'M', '1962-02-01', 'West Derek', 4.6, 'no-pfp', 3),
('victoria459', 'hash459', 'victoria.morgan459@mail.com', 'Victoria', 'Morgan', '17787581', 'M', '1985-08-28', 'Port Jacob', 4.8, 'no-pfp', 3),
('matthew460', 'hash460', 'matthew.marshall460@mail.com', 'Matthew', 'Marshall', '02793861', 'M', '2002-02-15', 'Smithport', 4.8, 'no-pfp', 3),
('donna461', 'hash461', 'donna.norman461@mail.com', 'Donna', 'Norman', '00902334', 'M', '1979-08-14', 'Lake Travis', 3.6, 'no-pfp', 5),
('timothy462', 'hash462', 'timothy.stephens462@mail.com', 'Timothy', 'Stephens', '37878147', 'M', '1968-09-25', 'Sharpville', 4.0, 'no-pfp', 3),
('george463', 'hash463', 'george.hughes463@mail.com', 'George', 'Hughes', '56651629', 'M', '2007-09-22', 'New Russellside', 3.5, 'no-pfp', 3),
('janet464', 'hash464', 'janet.baker464@mail.com', 'Janet', 'Baker', '96625397', 'M', '1995-09-19', 'Thompsonbury', 4.4, 'no-pfp', 3),
('daniel465', 'hash465', 'daniel.miller465@mail.com', 'Daniel', 'Miller', '80368329', 'M', '2005-11-30', 'Port Timothyton', 3.6, 'no-pfp', 3),
('robert466', 'hash466', 'robert.clark466@mail.com', 'Robert', 'Clark', '92408116', 'M', '1977-12-11', 'North Connieview', 4.9, 'no-pfp', 3),
('robert467', 'hash467', 'robert.rojas467@mail.com', 'Robert', 'Rojas', '66070626', 'M', '1974-11-15', 'Meyerland', 4.6, 'no-pfp', 5),
('raymond468', 'hash468', 'raymond.peterson468@mail.com', 'Raymond', 'Peterson', '66230199', 'M', '1964-06-20', 'Esparzabury', 3.9, 'no-pfp', 5),
('jacob469', 'hash469', 'jacob.gonzalez469@mail.com', 'Jacob', 'Gonzalez', '77140993', 'M', '2006-08-08', 'New Patricia', 4.3, 'no-pfp', 3),
('taylor470', 'hash470', 'taylor.thompson470@mail.com', 'Taylor', 'Thompson', '91760950', 'M', '1994-12-18', 'Elliottville', 3.6, 'no-pfp', 4),
('kristin471', 'hash471', 'kristin.chambers471@mail.com', 'Kristin', 'Chambers', '93575755', 'M', '1958-11-15', 'Davidberg', 4.3, 'no-pfp', 5),
('elizabeth472', 'hash472', 'elizabeth.thompson472@mail.com', 'Elizabeth', 'Thompson', '27302160', 'M', '2003-12-17', 'Port Wendy', 4.5, 'no-pfp', 5),
('derrick473', 'hash473', 'derrick.thomas473@mail.com', 'Derrick', 'Thomas', '56877083', 'M', '1968-05-24', 'Port Tinastad', 4.9, 'no-pfp', 4),
('bryan474', 'hash474', 'bryan.howard474@mail.com', 'Bryan', 'Howard', '12295852', 'M', '1973-04-28', 'Armstrongburgh', 4.0, 'no-pfp', 3),
('wayne475', 'hash475', 'wayne.lopez475@mail.com', 'Wayne', 'Lopez', '24963317', 'M', '1979-08-19', 'Moorehaven', 3.6, 'no-pfp', 5),
('jared476', 'hash476', 'jared.hernandez476@mail.com', 'Jared', 'Hernandez', '91768196', 'M', '1956-10-10', 'Stevenborough', 5.0, 'no-pfp', 5),
('james477', 'hash477', 'james.price477@mail.com', 'James', 'Price', '63651157', 'M', '1983-05-22', 'Kaylatown', 3.5, 'no-pfp', 5),
('sandy478', 'hash478', 'sandy.herman478@mail.com', 'Sandy', 'Herman', '04761791', 'M', '2005-08-10', 'Michellechester', 4.0, 'no-pfp', 3),
('andrew479', 'hash479', 'andrew.glenn479@mail.com', 'Andrew', 'Glenn', '83495019', 'M', '1954-12-11', 'Robertton', 3.6, 'no-pfp', 5),
('justin480', 'hash480', 'justin.ramirez480@mail.com', 'Justin', 'Ramirez', '70256802', 'M', '1993-12-26', 'West Jennychester', 4.0, 'no-pfp', 5),
('kirsten481', 'hash481', 'kirsten.ellis481@mail.com', 'Kirsten', 'Ellis', '80910105', 'M', '2000-07-13', 'Port Derekmouth', 4.6, 'no-pfp', 5),
('kevin482', 'hash482', 'kevin.barnes482@mail.com', 'Kevin', 'Barnes', '81128899', 'M', '1996-05-12', 'West Richardtown', 3.6, 'no-pfp', 4),
('steve483', 'hash483', 'steve.marquez483@mail.com', 'Steve', 'Marquez', '61455073', 'M', '1990-05-01', 'Garciafort', 4.5, 'no-pfp', 3),
('mark484', 'hash484', 'mark.greene484@mail.com', 'Mark', 'Greene', '95966312', 'M', '1989-12-07', 'Port Austinport', 4.4, 'no-pfp', 4),
('tiffany485', 'hash485', 'tiffany.brown485@mail.com', 'Tiffany', 'Brown', '45308750', 'M', '1971-12-23', 'West Christopher', 4.3, 'no-pfp', 3),
('samuel486', 'hash486', 'samuel.howard486@mail.com', 'Samuel', 'Howard', '13613092', 'M', '2003-12-27', 'Chambersmouth', 3.7, 'no-pfp', 5),
('mark487', 'hash487', 'mark.kaiser487@mail.com', 'Mark', 'Kaiser', '95945147', 'M', '1993-08-17', 'Carterside', 4.8, 'no-pfp', 3),
('jonathan488', 'hash488', 'jonathan.yoder488@mail.com', 'Jonathan', 'Yoder', '35635463', 'M', '1999-02-11', 'Johnland', 4.9, 'no-pfp', 4),
('lisa489', 'hash489', 'lisa.mills489@mail.com', 'Lisa', 'Mills', '66782529', 'M', '1985-06-26', 'Zacharyfurt', 4.8, 'no-pfp', 3),
('james490', 'hash490', 'james.blake490@mail.com', 'James', 'Blake', '06764457', 'M', '1999-07-18', 'Simmonschester', 4.2, 'no-pfp', 4),
('cindy491', 'hash491', 'cindy.jones491@mail.com', 'Cindy', 'Jones', '62129752', 'M', '1997-03-27', 'Port Sandra', 4.1, 'no-pfp', 3),
('brandy492', 'hash492', 'brandy.gardner492@mail.com', 'Brandy', 'Gardner', '53923199', 'M', '1971-10-13', 'Ericamouth', 4.8, 'no-pfp', 4),
('ronald493', 'hash493', 'ronald.owens493@mail.com', 'Ronald', 'Owens', '29266419', 'M', '1955-01-16', 'South Brendaville', 5.0, 'no-pfp', 5),
('brianna494', 'hash494', 'brianna.douglas494@mail.com', 'Brianna', 'Douglas', '87465603', 'M', '1964-03-22', 'New Dawnburgh', 5.0, 'no-pfp', 4),
('diana495', 'hash495', 'diana.duncan495@mail.com', 'Diana', 'Duncan', '76910721', 'M', '1997-05-24', 'New Brianna', 4.1, 'no-pfp', 5),
('kim496', 'hash496', 'kim.henry496@mail.com', 'Kim', 'Henry', '89515091', 'M', '1998-01-22', 'South Morganville', 4.9, 'no-pfp', 3),
('lindsey497', 'hash497', 'lindsey.ramirez497@mail.com', 'Lindsey', 'Ramirez', '29544810', 'M', '1990-04-23', 'East Charles', 4.6, 'no-pfp', 4),
('julie498', 'hash498', 'julie.allen498@mail.com', 'Julie', 'Allen', '80239452', 'M', '1997-08-19', 'Cindyton', 3.8, 'no-pfp', 5),
('cody499', 'hash499', 'cody.thompson499@mail.com', 'Cody', 'Thompson', '29969206', 'M', '2000-01-15', 'West Carolmouth', 3.6, 'no-pfp', 4),
('sherry500', 'hash500', 'sherry.thomas500@mail.com', 'Sherry', 'Thomas', '54597409', 'M', '1998-07-08', 'New Roy', 4.5, 'no-pfp', 5),
('brian501', 'hash501', 'brian.mosley501@mail.com', 'Brian', 'Mosley', '53229965', 'M', '1987-01-03', 'North Samanthabury', 4.0, 'no-pfp', 3),
('nicholas502', 'hash502', 'nicholas.choi502@mail.com', 'Nicholas', 'Choi', '23896079', 'M', '1975-11-24', 'Port John', 4.6, 'no-pfp', 5),
('william503', 'hash503', 'william.bailey503@mail.com', 'William', 'Bailey', '43738162', 'M', '1992-06-09', 'Scottmouth', 4.0, 'no-pfp', 5),
('stephanie504', 'hash504', 'stephanie.graham504@mail.com', 'Stephanie', 'Graham', '68301327', 'M', '1963-10-07', 'South Melissa', 4.2, 'no-pfp', 4),
('carolyn505', 'hash505', 'carolyn.christensen505@mail.com', 'Carolyn', 'Christensen', '60201330', 'M', '2001-07-27', 'Port Thomasmouth', 4.4, 'no-pfp', 5),
('rachel506', 'hash506', 'rachel.aguilar506@mail.com', 'Rachel', 'Aguilar', '26014019', 'M', '1965-10-18', 'Lake Rickyview', 3.9, 'no-pfp', 4),
('lauren507', 'hash507', 'lauren.jensen507@mail.com', 'Lauren', 'Jensen', '37177573', 'M', '1986-01-28', 'South Lisa', 4.2, 'no-pfp', 5),
('gregory508', 'hash508', 'gregory.casey508@mail.com', 'Gregory', 'Casey', '92756898', 'M', '1965-12-03', 'Barnesborough', 4.6, 'no-pfp', 5),
('sheila509', 'hash509', 'sheila.adams509@mail.com', 'Sheila', 'Adams', '60801756', 'M', '1973-01-10', 'Hancockville', 4.2, 'no-pfp', 4),
('leslie510', 'hash510', 'leslie.montgomery510@mail.com', 'Leslie', 'Montgomery', '50253503', 'M', '1965-12-22', 'East Susantown', 4.7, 'no-pfp', 5),
('debra511', 'hash511', 'debra.mullen511@mail.com', 'Debra', 'Mullen', '37116843', 'M', '1998-01-05', 'Mooretown', 4.4, 'no-pfp', 5),
('dennis512', 'hash512', 'dennis.anderson512@mail.com', 'Dennis', 'Anderson', '15945738', 'M', '2007-07-05', 'Port Melissa', 4.0, 'no-pfp', 4),
('kyle513', 'hash513', 'kyle.young513@mail.com', 'Kyle', 'Young', '27075686', 'M', '2001-10-29', 'New Susan', 5.0, 'no-pfp', 4),
('susan514', 'hash514', 'susan.tucker514@mail.com', 'Susan', 'Tucker', '50031637', 'M', '1981-04-15', 'Michaelmouth', 3.6, 'no-pfp', 5),
('jessica515', 'hash515', 'jessica.shelton515@mail.com', 'Jessica', 'Shelton', '63882572', 'M', '1984-01-31', 'East Kristyside', 5.0, 'no-pfp', 5),
('tom516', 'hash516', 'tom.thompson516@mail.com', 'Tom', 'Thompson', '23276840', 'M', '1968-10-18', 'Lake Shellyview', 4.3, 'no-pfp', 5),
('joseph517', 'hash517', 'joseph.torres517@mail.com', 'Joseph', 'Torres', '94387151', 'M', '1973-03-04', 'Lake Kelly', 4.6, 'no-pfp', 4),
('briana518', 'hash518', 'briana.hoffman518@mail.com', 'Briana', 'Hoffman', '52491888', 'M', '1966-05-28', 'Lake Kristinaland', 4.1, 'no-pfp', 4),
('darren519', 'hash519', 'darren.collins519@mail.com', 'Darren', 'Collins', '47742703', 'M', '1995-02-14', 'Andrewfort', 4.1, 'no-pfp', 3),
('melissa520', 'hash520', 'melissa.trujillo520@mail.com', 'Melissa', 'Trujillo', '28226913', 'M', '1989-08-08', 'Brayhaven', 3.9, 'no-pfp', 5),
('jill521', 'hash521', 'jill.walker521@mail.com', 'Jill', 'Walker', '88533782', 'M', '1998-04-26', 'Alexandermouth', 3.6, 'no-pfp', 3),
('james522', 'hash522', 'james.horton522@mail.com', 'James', 'Horton', '38098877', 'M', '1957-02-05', 'East Gloria', 3.5, 'no-pfp', 3),
('george523', 'hash523', 'george.hutchinson523@mail.com', 'George', 'Hutchinson', '21897695', 'M', '1969-05-12', 'North Maria', 4.9, 'no-pfp', 5),
('joyce524', 'hash524', 'joyce.nguyen524@mail.com', 'Joyce', 'Nguyen', '17431581', 'M', '1960-03-01', 'Davisberg', 4.3, 'no-pfp', 4),
('richard525', 'hash525', 'richard.gray525@mail.com', 'Richard', 'Gray', '10117560', 'M', '2002-11-05', 'West Patrick', 4.7, 'no-pfp', 4),
('johnathan526', 'hash526', 'johnathan.watson526@mail.com', 'Johnathan', 'Watson', '45483862', 'M', '1971-02-24', 'North Cody', 4.2, 'no-pfp', 4),
('james527', 'hash527', 'james.richardson527@mail.com', 'James', 'Richardson', '41881072', 'M', '1957-11-05', 'South Lisa', 4.1, 'no-pfp', 5),
('shane528', 'hash528', 'shane.webb528@mail.com', 'Shane', 'Webb', '85657576', 'M', '1976-02-24', 'Lake Kevinmouth', 4.8, 'no-pfp', 5),
('david529', 'hash529', 'david.mullen529@mail.com', 'David', 'Mullen', '88948183', 'M', '2005-12-12', 'New Richardport', 4.6, 'no-pfp', 5),
('daniel530', 'hash530', 'daniel.french530@mail.com', 'Daniel', 'French', '77801824', 'M', '1998-06-05', 'Currymouth', 4.7, 'no-pfp', 4),
('candice531', 'hash531', 'candice.brown531@mail.com', 'Candice', 'Brown', '68031353', 'M', '2001-07-04', 'Ramseyton', 3.7, 'no-pfp', 4),
('emily532', 'hash532', 'emily.perkins532@mail.com', 'Emily', 'Perkins', '94044789', 'M', '1970-07-17', 'North Cynthia', 4.9, 'no-pfp', 4),
('kelly533', 'hash533', 'kelly.jacobs533@mail.com', 'Kelly', 'Jacobs', '16491150', 'M', '1986-12-19', 'Johnnyberg', 4.9, 'no-pfp', 3),
('nicholas534', 'hash534', 'nicholas.reid534@mail.com', 'Nicholas', 'Reid', '68713335', 'M', '1965-12-05', 'North Chad', 4.7, 'no-pfp', 5),
('theresa535', 'hash535', 'theresa.woods535@mail.com', 'Theresa', 'Woods', '22559566', 'M', '1962-04-29', 'Lake Jamesport', 3.8, 'no-pfp', 5),
('angela536', 'hash536', 'angela.carter536@mail.com', 'Angela', 'Carter', '33380785', 'M', '1958-03-11', 'Sotofort', 3.6, 'no-pfp', 4),
('steven537', 'hash537', 'steven.reed537@mail.com', 'Steven', 'Reed', '34283061', 'M', '1997-02-22', 'Sarahmouth', 3.9, 'no-pfp', 3),
('kimberly538', 'hash538', 'kimberly.gates538@mail.com', 'Kimberly', 'Gates', '44241918', 'M', '1981-11-09', 'Lake Lisa', 4.1, 'no-pfp', 5),
('brandon539', 'hash539', 'brandon.neal539@mail.com', 'Brandon', 'Neal', '38537398', 'M', '1982-05-14', 'New Tammyville', 3.8, 'no-pfp', 4),
('lauren540', 'hash540', 'lauren.french540@mail.com', 'Lauren', 'French', '78857985', 'M', '1996-11-12', 'Jimmyburgh', 4.5, 'no-pfp', 4),
('paul541', 'hash541', 'paul.morgan541@mail.com', 'Paul', 'Morgan', '68118015', 'M', '1965-08-13', 'East Donaldview', 3.7, 'no-pfp', 5),
('deborah542', 'hash542', 'deborah.evans542@mail.com', 'Deborah', 'Evans', '59757573', 'M', '1962-01-31', 'West Paulville', 3.8, 'no-pfp', 4),
('jose543', 'hash543', 'jose.adams543@mail.com', 'Jose', 'Adams', '57816225', 'M', '1956-04-18', 'East Julie', 3.6, 'no-pfp', 5),
('sarah544', 'hash544', 'sarah.hobbs544@mail.com', 'Sarah', 'Hobbs', '25511032', 'M', '1965-06-29', 'Sullivantown', 3.8, 'no-pfp', 3),
('julie545', 'hash545', 'julie.thompson545@mail.com', 'Julie', 'Thompson', '88511392', 'M', '1967-08-18', 'Lake Eileenstad', 4.7, 'no-pfp', 3),
('mariah546', 'hash546', 'mariah.espinoza546@mail.com', 'Mariah', 'Espinoza', '96187868', 'M', '1984-01-27', 'Williamsbury', 4.3, 'no-pfp', 3),
('courtney547', 'hash547', 'courtney.johnson547@mail.com', 'Courtney', 'Johnson', '71814913', 'M', '1966-10-05', 'South Erin', 4.2, 'no-pfp', 4),
('melanie548', 'hash548', 'melanie.ford548@mail.com', 'Melanie', 'Ford', '10159415', 'M', '1964-12-11', 'North Nicholas', 4.2, 'no-pfp', 3),
('michelle549', 'hash549', 'michelle.hicks549@mail.com', 'Michelle', 'Hicks', '67410184', 'M', '1983-10-13', 'East Michelleland', 4.1, 'no-pfp', 3),
('ashley550', 'hash550', 'ashley.richards550@mail.com', 'Ashley', 'Richards', '00656521', 'M', '1956-09-27', 'Andrefort', 4.9, 'no-pfp', 4),
('randy551', 'hash551', 'randy.edwards551@mail.com', 'Randy', 'Edwards', '54809290', 'M', '1959-05-17', 'Johnsland', 3.5, 'no-pfp', 5),
('patricia552', 'hash552', 'patricia.long552@mail.com', 'Patricia', 'Long', '22242407', 'M', '2007-11-18', 'West Aaron', 4.7, 'no-pfp', 4),
('eric553', 'hash553', 'eric.lee553@mail.com', 'Eric', 'Lee', '92825136', 'M', '1990-11-23', 'Rodriguezfort', 4.4, 'no-pfp', 3),
('jeremy554', 'hash554', 'jeremy.hull554@mail.com', 'Jeremy', 'Hull', '62897583', 'M', '1970-01-28', 'Port Jaimeborough', 4.7, 'no-pfp', 4),
('amy555', 'hash555', 'amy.smith555@mail.com', 'Amy', 'Smith', '55307795', 'M', '1968-11-04', 'Millerside', 3.7, 'no-pfp', 5),
('cheryl556', 'hash556', 'cheryl.mccarthy556@mail.com', 'Cheryl', 'Mccarthy', '05049490', 'M', '1969-11-04', 'Benjaminstad', 3.9, 'no-pfp', 5),
('john557', 'hash557', 'john.snyder557@mail.com', 'John', 'Snyder', '59545374', 'M', '1992-03-15', 'New David', 4.5, 'no-pfp', 4),
('tina558', 'hash558', 'tina.perez558@mail.com', 'Tina', 'Perez', '09782929', 'M', '1972-03-12', 'North Chelseaview', 3.9, 'no-pfp', 5),
('sandra559', 'hash559', 'sandra.daniels559@mail.com', 'Sandra', 'Daniels', '77380758', 'M', '1960-09-27', 'Brianborough', 4.3, 'no-pfp', 5),
('gary560', 'hash560', 'gary.miller560@mail.com', 'Gary', 'Miller', '84335091', 'M', '1956-12-15', 'Johnsonbury', 4.6, 'no-pfp', 4),
('lisa561', 'hash561', 'lisa.lee561@mail.com', 'Lisa', 'Lee', '59459631', 'M', '2004-05-26', 'Martinfurt', 4.0, 'no-pfp', 4),
('randall562', 'hash562', 'randall.davis562@mail.com', 'Randall', 'Davis', '85803677', 'M', '1981-10-09', 'North Debra', 4.6, 'no-pfp', 5),
('nicole563', 'hash563', 'nicole.drake563@mail.com', 'Nicole', 'Drake', '08263113', 'M', '1996-04-03', 'Weststad', 4.9, 'no-pfp', 5),
('donna564', 'hash564', 'donna.fuller564@mail.com', 'Donna', 'Fuller', '29668285', 'M', '1979-01-22', 'East Lisaside', 4.3, 'no-pfp', 4),
('rachel565', 'hash565', 'rachel.briggs565@mail.com', 'Rachel', 'Briggs', '99672088', 'M', '1968-08-18', 'North Rachelport', 4.0, 'no-pfp', 3),
('wayne566', 'hash566', 'wayne.sloan566@mail.com', 'Wayne', 'Sloan', '75947966', 'M', '1963-12-07', 'Port Jacquelinemouth', 4.0, 'no-pfp', 4),
('bruce567', 'hash567', 'bruce.carlson567@mail.com', 'Bruce', 'Carlson', '58831471', 'M', '1959-08-08', 'Jessicafort', 3.6, 'no-pfp', 3),
('andrew568', 'hash568', 'andrew.johnson568@mail.com', 'Andrew', 'Johnson', '09261810', 'M', '1973-01-08', 'Lake Christopherside', 5.0, 'no-pfp', 4),
('patricia569', 'hash569', 'patricia.mcdonald569@mail.com', 'Patricia', 'Mcdonald', '34977297', 'M', '1989-09-08', 'Loganchester', 3.8, 'no-pfp', 4),
('breanna570', 'hash570', 'breanna.sanchez570@mail.com', 'Breanna', 'Sanchez', '37070201', 'M', '1985-01-02', 'Lake Jason', 4.3, 'no-pfp', 3),
('shannon571', 'hash571', 'shannon.graves571@mail.com', 'Shannon', 'Graves', '11095094', 'M', '1959-09-05', 'Port Corey', 4.0, 'no-pfp', 5),
('sharon572', 'hash572', 'sharon.mccullough572@mail.com', 'Sharon', 'Mccullough', '20543470', 'M', '1955-09-09', 'Rossside', 4.9, 'no-pfp', 3),
('sarah573', 'hash573', 'sarah.shelton573@mail.com', 'Sarah', 'Shelton', '72223324', 'M', '2001-06-30', 'West Raymondfort', 3.9, 'no-pfp', 4),
('craig574', 'hash574', 'craig.robinson574@mail.com', 'Craig', 'Robinson', '18118342', 'M', '1989-01-07', 'West Karihaven', 4.7, 'no-pfp', 3),
('janice575', 'hash575', 'janice.hall575@mail.com', 'Janice', 'Hall', '07751809', 'M', '1962-12-22', 'East Cody', 4.9, 'no-pfp', 5),
('ronald576', 'hash576', 'ronald.davis576@mail.com', 'Ronald', 'Davis', '23076178', 'M', '1995-06-07', 'Lewishaven', 4.4, 'no-pfp', 5),
('brandon577', 'hash577', 'brandon.miller577@mail.com', 'Brandon', 'Miller', '22455539', 'M', '2005-04-02', 'North Jeffreyshire', 4.9, 'no-pfp', 5),
('danielle578', 'hash578', 'danielle.adams578@mail.com', 'Danielle', 'Adams', '28008109', 'M', '1974-05-07', 'Rodneymouth', 4.9, 'no-pfp', 5),
('emily579', 'hash579', 'emily.wilson579@mail.com', 'Emily', 'Wilson', '25257711', 'M', '1964-07-19', 'Philipstad', 4.0, 'no-pfp', 5),
('christian580', 'hash580', 'christian.lamb580@mail.com', 'Christian', 'Lamb', '32588480', 'M', '1972-05-06', 'Port Christopherville', 5.0, 'no-pfp', 5),
('karen581', 'hash581', 'karen.compton581@mail.com', 'Karen', 'Compton', '69524518', 'M', '1985-01-13', 'Richardton', 4.1, 'no-pfp', 3),
('laurie582', 'hash582', 'laurie.mcdaniel582@mail.com', 'Laurie', 'Mcdaniel', '73737848', 'M', '1996-11-03', 'Whiteland', 3.9, 'no-pfp', 3),
('derek583', 'hash583', 'derek.dodson583@mail.com', 'Derek', 'Dodson', '70118368', 'M', '1988-02-11', 'New Kevinbury', 3.7, 'no-pfp', 4),
('thomas584', 'hash584', 'thomas.lewis584@mail.com', 'Thomas', 'Lewis', '11789056', 'M', '1976-05-13', 'New Lisa', 4.8, 'no-pfp', 3),
('stephanie585', 'hash585', 'stephanie.anderson585@mail.com', 'Stephanie', 'Anderson', '92562533', 'M', '1964-10-02', 'Rogersbury', 3.5, 'no-pfp', 3),
('anthony586', 'hash586', 'anthony.moreno586@mail.com', 'Anthony', 'Moreno', '29220054', 'M', '1962-11-26', 'North Chaseborough', 4.1, 'no-pfp', 4),
('jeremy587', 'hash587', 'jeremy.williams587@mail.com', 'Jeremy', 'Williams', '54228926', 'M', '2004-09-07', 'East Jennifer', 4.3, 'no-pfp', 3),
('ryan588', 'hash588', 'ryan.miller588@mail.com', 'Ryan', 'Miller', '82192602', 'M', '1954-12-25', 'New Biancachester', 4.4, 'no-pfp', 4),
('heather589', 'hash589', 'heather.davidson589@mail.com', 'Heather', 'Davidson', '94251616', 'M', '1961-07-04', 'Port James', 4.5, 'no-pfp', 3),
('gabrielle590', 'hash590', 'gabrielle.trevino590@mail.com', 'Gabrielle', 'Trevino', '55580715', 'M', '2001-04-19', 'Lake Katie', 3.7, 'no-pfp', 4),
('caitlin591', 'hash591', 'caitlin.jones591@mail.com', 'Caitlin', 'Jones', '65833058', 'M', '1994-08-09', 'Zacharytown', 4.1, 'no-pfp', 4),
('patricia592', 'hash592', 'patricia.ramirez592@mail.com', 'Patricia', 'Ramirez', '44496949', 'M', '1988-03-14', 'Lindaport', 4.3, 'no-pfp', 4),
('melanie593', 'hash593', 'melanie.martin593@mail.com', 'Melanie', 'Martin', '99072881', 'M', '1991-04-03', 'Jaredtown', 3.8, 'no-pfp', 3),
('ronald594', 'hash594', 'ronald.wilson594@mail.com', 'Ronald', 'Wilson', '28633032', 'M', '1983-02-28', 'Matthewville', 4.3, 'no-pfp', 4),
('stephanie595', 'hash595', 'stephanie.keith595@mail.com', 'Stephanie', 'Keith', '29216298', 'M', '1958-10-24', 'Ambermouth', 3.7, 'no-pfp', 3),
('rhonda596', 'hash596', 'rhonda.hanson596@mail.com', 'Rhonda', 'Hanson', '31404593', 'M', '1991-10-26', 'West Christina', 4.6, 'no-pfp', 5),
('destiny597', 'hash597', 'destiny.diaz597@mail.com', 'Destiny', 'Diaz', '57033536', 'M', '1996-04-12', 'Madisonhaven', 4.2, 'no-pfp', 5),
('danielle598', 'hash598', 'danielle.moore598@mail.com', 'Danielle', 'Moore', '85817705', 'M', '1975-07-02', 'Pittmanfurt', 3.7, 'no-pfp', 5),
('michelle599', 'hash599', 'michelle.gonzales599@mail.com', 'Michelle', 'Gonzales', '67802856', 'M', '1991-05-07', 'Jenniferton', 4.4, 'no-pfp', 5),
('sara600', 'hash600', 'sara.mckenzie600@mail.com', 'Sara', 'Mckenzie', '20963278', 'M', '1977-02-08', 'East Kenneth', 3.9, 'no-pfp', 4),
('george601', 'hash601', 'george.munoz601@mail.com', 'George', 'Munoz', '06380213', 'M', '1987-07-24', 'Port Robertview', 3.8, 'no-pfp', 3),
('jesse602', 'hash602', 'jesse.barry602@mail.com', 'Jesse', 'Barry', '74442845', 'M', '1964-05-18', 'South Cody', 4.1, 'no-pfp', 3),
('chad603', 'hash603', 'chad.barnett603@mail.com', 'Chad', 'Barnett', '15631538', 'M', '1974-07-11', 'New Jeremychester', 4.2, 'no-pfp', 4),
('debbie604', 'hash604', 'debbie.kane604@mail.com', 'Debbie', 'Kane', '81656496', 'M', '1976-05-06', 'New Joshuaberg', 4.4, 'no-pfp', 5),
('andrea605', 'hash605', 'andrea.jackson605@mail.com', 'Andrea', 'Jackson', '04475835', 'M', '2005-04-04', 'Lake Kimberlyhaven', 3.7, 'no-pfp', 4),
('shannon606', 'hash606', 'shannon.graham606@mail.com', 'Shannon', 'Graham', '96531279', 'M', '2001-09-09', 'Aprilchester', 3.9, 'no-pfp', 3),
('james607', 'hash607', 'james.jordan607@mail.com', 'James', 'Jordan', '08498665', 'M', '1966-05-23', 'Stoutborough', 3.8, 'no-pfp', 3),
('thomas608', 'hash608', 'thomas.martin608@mail.com', 'Thomas', 'Martin', '94327048', 'M', '1987-05-19', 'North Paigechester', 4.6, 'no-pfp', 5),
('brandi609', 'hash609', 'brandi.bradford609@mail.com', 'Brandi', 'Bradford', '92707919', 'M', '1976-02-16', 'West William', 4.1, 'no-pfp', 4),
('stephen610', 'hash610', 'stephen.garza610@mail.com', 'Stephen', 'Garza', '63084472', 'M', '1998-05-16', 'Bryanshire', 3.8, 'no-pfp', 4),
('brittany611', 'hash611', 'brittany.thomas611@mail.com', 'Brittany', 'Thomas', '22083073', 'M', '1990-01-04', 'North Annettehaven', 3.6, 'no-pfp', 5),
('cheryl612', 'hash612', 'cheryl.mueller612@mail.com', 'Cheryl', 'Mueller', '70821029', 'M', '1992-07-31', 'North Anneton', 4.3, 'no-pfp', 5),
('mark613', 'hash613', 'mark.daniels613@mail.com', 'Mark', 'Daniels', '92458794', 'M', '1998-06-09', 'Destinyhaven', 4.5, 'no-pfp', 3),
('william614', 'hash614', 'william.floyd614@mail.com', 'William', 'Floyd', '64230623', 'M', '1981-12-18', 'Port Linda', 3.5, 'no-pfp', 4),
('bonnie615', 'hash615', 'bonnie.reed615@mail.com', 'Bonnie', 'Reed', '31760824', 'M', '1959-10-12', 'Michelleton', 4.1, 'no-pfp', 4),
('robert616', 'hash616', 'robert.lowe616@mail.com', 'Robert', 'Lowe', '45777532', 'M', '1984-08-16', 'New Anthony', 4.3, 'no-pfp', 4),
('benjamin617', 'hash617', 'benjamin.barton617@mail.com', 'Benjamin', 'Barton', '77710204', 'M', '1970-11-30', 'North Catherine', 4.1, 'no-pfp', 3),
('natalie618', 'hash618', 'natalie.krause618@mail.com', 'Natalie', 'Krause', '86265159', 'M', '1997-06-29', 'East Denisefort', 4.8, 'no-pfp', 4),
('kenneth619', 'hash619', 'kenneth.flores619@mail.com', 'Kenneth', 'Flores', '70594503', 'M', '1980-11-22', 'Hoganfurt', 4.0, 'no-pfp', 5),
('raymond620', 'hash620', 'raymond.moore620@mail.com', 'Raymond', 'Moore', '36262761', 'M', '1996-05-14', 'Josephbury', 3.8, 'no-pfp', 4),
('patricia621', 'hash621', 'patricia.knight621@mail.com', 'Patricia', 'Knight', '59228469', 'M', '1970-10-02', 'Lake Dylanbury', 4.2, 'no-pfp', 3),
('brenda622', 'hash622', 'brenda.lopez622@mail.com', 'Brenda', 'Lopez', '77671154', 'M', '1955-04-15', 'Smithshire', 4.7, 'no-pfp', 4),
('allison623', 'hash623', 'allison.zamora623@mail.com', 'Allison', 'Zamora', '01885816', 'M', '1997-07-23', 'North Jennaport', 4.6, 'no-pfp', 5),
('barbara624', 'hash624', 'barbara.parker624@mail.com', 'Barbara', 'Parker', '84174048', 'M', '1976-10-03', 'Lake Andrew', 4.0, 'no-pfp', 4),
('rachael625', 'hash625', 'rachael.miller625@mail.com', 'Rachael', 'Miller', '88846733', 'M', '1985-01-27', 'Susantown', 4.6, 'no-pfp', 4),
('susan626', 'hash626', 'susan.carroll626@mail.com', 'Susan', 'Carroll', '03770129', 'M', '1968-09-23', 'Whiteshire', 4.1, 'no-pfp', 3),
('martin627', 'hash627', 'martin.cunningham627@mail.com', 'Martin', 'Cunningham', '26035274', 'M', '2006-11-28', 'West Anna', 4.1, 'no-pfp', 4),
('elijah628', 'hash628', 'elijah.hall628@mail.com', 'Elijah', 'Hall', '64189801', 'M', '1973-04-10', 'Annshire', 4.5, 'no-pfp', 5),
('julian629', 'hash629', 'julian.simmons629@mail.com', 'Julian', 'Simmons', '32995668', 'M', '1971-08-24', 'New Robert', 3.7, 'no-pfp', 3),
('chad630', 'hash630', 'chad.mckay630@mail.com', 'Chad', 'Mckay', '34266076', 'M', '1979-12-02', 'Vickiton', 4.4, 'no-pfp', 3),
('anne631', 'hash631', 'anne.jones631@mail.com', 'Anne', 'Jones', '11132530', 'M', '1965-07-06', 'Port Ivanchester', 4.5, 'no-pfp', 4),
('michelle632', 'hash632', 'michelle.maldonado632@mail.com', 'Michelle', 'Maldonado', '68490640', 'M', '1959-11-13', 'West Mark', 4.3, 'no-pfp', 4),
('charles633', 'hash633', 'charles.price633@mail.com', 'Charles', 'Price', '74923230', 'M', '1988-02-04', 'Raymondview', 3.5, 'no-pfp', 5),
('laurie634', 'hash634', 'laurie.webb634@mail.com', 'Laurie', 'Webb', '88086714', 'M', '1980-07-04', 'Hopkinsport', 4.5, 'no-pfp', 4),
('michael635', 'hash635', 'michael.smith635@mail.com', 'Michael', 'Smith', '28620641', 'M', '1983-04-02', 'Boylehaven', 4.8, 'no-pfp', 3),
('john636', 'hash636', 'john.cunningham636@mail.com', 'John', 'Cunningham', '31788607', 'M', '1960-08-25', 'East Robert', 4.8, 'no-pfp', 3),
('richard637', 'hash637', 'richard.roberts637@mail.com', 'Richard', 'Roberts', '52863984', 'M', '1993-01-26', 'Brownfort', 4.8, 'no-pfp', 4),
('bradley638', 'hash638', 'bradley.miller638@mail.com', 'Bradley', 'Miller', '29007491', 'M', '1973-10-14', 'Joshuatown', 4.8, 'no-pfp', 5),
('robert639', 'hash639', 'robert.coleman639@mail.com', 'Robert', 'Coleman', '52450402', 'M', '1994-04-17', 'Port Michaelstad', 4.2, 'no-pfp', 4),
('leonard640', 'hash640', 'leonard.simon640@mail.com', 'Leonard', 'Simon', '90287007', 'M', '1990-11-26', 'Lake Catherine', 4.2, 'no-pfp', 5),
('angela641', 'hash641', 'angela.wise641@mail.com', 'Angela', 'Wise', '83953251', 'M', '1994-07-11', 'Rickystad', 3.8, 'no-pfp', 5),
('peter642', 'hash642', 'peter.leonard642@mail.com', 'Peter', 'Leonard', '34824647', 'M', '2000-06-27', 'New Vickiview', 4.3, 'no-pfp', 3),
('kelly643', 'hash643', 'kelly.mendoza643@mail.com', 'Kelly', 'Mendoza', '86790165', 'M', '1989-11-27', 'East Charlesborough', 4.2, 'no-pfp', 5),
('drew644', 'hash644', 'drew.edwards644@mail.com', 'Drew', 'Edwards', '93767930', 'M', '1997-08-08', 'New Terry', 3.7, 'no-pfp', 4),
('william645', 'hash645', 'william.romero645@mail.com', 'William', 'Romero', '87976035', 'M', '1966-07-26', 'Port Christopher', 4.1, 'no-pfp', 5),
('cynthia646', 'hash646', 'cynthia.thompson646@mail.com', 'Cynthia', 'Thompson', '57856366', 'M', '1976-12-14', 'Port Robert', 3.6, 'no-pfp', 4),
('joseph647', 'hash647', 'joseph.cruz647@mail.com', 'Joseph', 'Cruz', '74237575', 'M', '1975-01-10', 'South Sarahton', 4.2, 'no-pfp', 3),
('patricia648', 'hash648', 'patricia.mendoza648@mail.com', 'Patricia', 'Mendoza', '29269427', 'M', '1974-03-03', 'Rebeccaside', 4.0, 'no-pfp', 3),
('nicole649', 'hash649', 'nicole.lopez649@mail.com', 'Nicole', 'Lopez', '59862062', 'M', '1963-05-24', 'Henrymouth', 4.8, 'no-pfp', 5),
('amanda650', 'hash650', 'amanda.simmons650@mail.com', 'Amanda', 'Simmons', '34309963', 'M', '1960-11-04', 'New Daniel', 3.8, 'no-pfp', 5),
('victoria651', 'hash651', 'victoria.miller651@mail.com', 'Victoria', 'Miller', '75958616', 'M', '2005-12-01', 'Port Oliviaberg', 4.2, 'no-pfp', 3),
('christian652', 'hash652', 'christian.trevino652@mail.com', 'Christian', 'Trevino', '06168474', 'M', '1962-05-21', 'West Kristinefort', 4.6, 'no-pfp', 3),
('travis653', 'hash653', 'travis.gutierrez653@mail.com', 'Travis', 'Gutierrez', '10319351', 'M', '1979-05-26', 'Lake Rachelberg', 4.5, 'no-pfp', 3),
('dennis654', 'hash654', 'dennis.malone654@mail.com', 'Dennis', 'Malone', '56035275', 'M', '1990-04-17', 'Monicaberg', 3.8, 'no-pfp', 4),
('kelly655', 'hash655', 'kelly.foster655@mail.com', 'Kelly', 'Foster', '97646450', 'M', '1978-03-22', 'New Christopher', 3.6, 'no-pfp', 5),
('maria656', 'hash656', 'maria.allen656@mail.com', 'Maria', 'Allen', '00410737', 'M', '1999-04-30', 'Tuckerville', 4.2, 'no-pfp', 3),
('jeanette657', 'hash657', 'jeanette.gonzales657@mail.com', 'Jeanette', 'Gonzales', '81095851', 'M', '1999-11-13', 'Lake Maria', 4.2, 'no-pfp', 4),
('brent658', 'hash658', 'brent.joyce658@mail.com', 'Brent', 'Joyce', '02179945', 'M', '1989-03-02', 'Blanchardburgh', 3.6, 'no-pfp', 4),
('jeffrey659', 'hash659', 'jeffrey.webb659@mail.com', 'Jeffrey', 'Webb', '66580203', 'M', '1962-09-23', 'Lake Ianchester', 4.6, 'no-pfp', 4),
('travis660', 'hash660', 'travis.meyer660@mail.com', 'Travis', 'Meyer', '48741608', 'M', '1963-01-30', 'Jenniferville', 4.8, 'no-pfp', 3),
('susan661', 'hash661', 'susan.pugh661@mail.com', 'Susan', 'Pugh', '41556364', 'M', '1956-06-02', 'Anthonytown', 4.9, 'no-pfp', 5),
('teresa662', 'hash662', 'teresa.davis662@mail.com', 'Teresa', 'Davis', '15989072', 'M', '2007-08-07', 'Salazarmouth', 4.7, 'no-pfp', 4),
('jason663', 'hash663', 'jason.perez663@mail.com', 'Jason', 'Perez', '75224443', 'M', '2001-06-05', 'Coffeyton', 4.6, 'no-pfp', 4),
('clifford664', 'hash664', 'clifford.gomez664@mail.com', 'Clifford', 'Gomez', '12430933', 'M', '1987-12-30', 'Juliaton', 4.2, 'no-pfp', 4),
('bethany665', 'hash665', 'bethany.turner665@mail.com', 'Bethany', 'Turner', '47750014', 'M', '1967-07-31', 'West Heathershire', 4.7, 'no-pfp', 4),
('dawn666', 'hash666', 'dawn.snyder666@mail.com', 'Dawn', 'Snyder', '56611224', 'M', '1991-05-08', 'Brentshire', 4.7, 'no-pfp', 4),
('kenneth667', 'hash667', 'kenneth.hawkins667@mail.com', 'Kenneth', 'Hawkins', '23077420', 'M', '1996-12-07', 'Williamshire', 4.7, 'no-pfp', 3),
('marie668', 'hash668', 'marie.foster668@mail.com', 'Marie', 'Foster', '49547438', 'M', '1980-01-26', 'Williamland', 4.7, 'no-pfp', 3),
('andrew669', 'hash669', 'andrew.hall669@mail.com', 'Andrew', 'Hall', '35480678', 'M', '1998-04-15', 'Port Connor', 4.8, 'no-pfp', 3),
('brenda670', 'hash670', 'brenda.christensen670@mail.com', 'Brenda', 'Christensen', '65628810', 'M', '1969-02-08', 'Ericshire', 4.9, 'no-pfp', 4),
('johnny671', 'hash671', 'johnny.dickson671@mail.com', 'Johnny', 'Dickson', '56964243', 'M', '1969-03-05', 'Robinsonbury', 4.8, 'no-pfp', 5),
('todd672', 'hash672', 'todd.medina672@mail.com', 'Todd', 'Medina', '97221381', 'M', '1960-07-21', 'South Jason', 3.7, 'no-pfp', 5),
('scott673', 'hash673', 'scott.davidson673@mail.com', 'Scott', 'Davidson', '63418976', 'M', '1978-07-14', 'Carrollfurt', 3.9, 'no-pfp', 3),
('rachel674', 'hash674', 'rachel.pacheco674@mail.com', 'Rachel', 'Pacheco', '12192758', 'M', '1956-08-09', 'West Davidmouth', 4.8, 'no-pfp', 5),
('evelyn675', 'hash675', 'evelyn.curry675@mail.com', 'Evelyn', 'Curry', '07364209', 'M', '1961-05-21', 'Nathanburgh', 4.4, 'no-pfp', 3),
('jessica676', 'hash676', 'jessica.kelly676@mail.com', 'Jessica', 'Kelly', '80508315', 'M', '1978-10-02', 'Lake Cathyland', 4.3, 'no-pfp', 4),
('joanna677', 'hash677', 'joanna.stevens677@mail.com', 'Joanna', 'Stevens', '70661376', 'M', '2002-08-26', 'New Shelly', 3.6, 'no-pfp', 3),
('kathy678', 'hash678', 'kathy.cook678@mail.com', 'Kathy', 'Cook', '68489620', 'M', '1976-10-30', 'New Brianport', 4.8, 'no-pfp', 4),
('kimberly679', 'hash679', 'kimberly.martin679@mail.com', 'Kimberly', 'Martin', '79720540', 'M', '1956-05-28', 'East Davidland', 3.9, 'no-pfp', 4),
('kenneth680', 'hash680', 'kenneth.dalton680@mail.com', 'Kenneth', 'Dalton', '05060312', 'M', '1959-02-14', 'North Scott', 4.4, 'no-pfp', 5),
('donna681', 'hash681', 'donna.walton681@mail.com', 'Donna', 'Walton', '74244543', 'M', '1997-10-15', 'Penastad', 3.7, 'no-pfp', 4),
('joanne682', 'hash682', 'joanne.dalton682@mail.com', 'Joanne', 'Dalton', '58358101', 'M', '1984-12-09', 'Medinafurt', 4.9, 'no-pfp', 4),
('jonathan683', 'hash683', 'jonathan.richards683@mail.com', 'Jonathan', 'Richards', '66614677', 'M', '1998-09-12', 'Kevinmouth', 4.4, 'no-pfp', 4),
('karen684', 'hash684', 'karen.lambert684@mail.com', 'Karen', 'Lambert', '16130788', 'M', '1977-01-06', 'Lake Yesenia', 4.5, 'no-pfp', 5),
('sonya685', 'hash685', 'sonya.walker685@mail.com', 'Sonya', 'Walker', '48087833', 'M', '1978-08-21', 'Mooreburgh', 3.7, 'no-pfp', 4),
('luis686', 'hash686', 'luis.fowler686@mail.com', 'Luis', 'Fowler', '31371288', 'M', '1996-10-25', 'New Jamesberg', 5.0, 'no-pfp', 3),
('victor687', 'hash687', 'victor.alvarado687@mail.com', 'Victor', 'Alvarado', '56576518', 'M', '2001-11-30', 'Timothyville', 3.7, 'no-pfp', 5),
('cynthia688', 'hash688', 'cynthia.poole688@mail.com', 'Cynthia', 'Poole', '20147584', 'M', '1985-12-04', 'Port Tammystad', 5.0, 'no-pfp', 3),
('danielle689', 'hash689', 'danielle.mason689@mail.com', 'Danielle', 'Mason', '53910728', 'M', '1991-02-17', 'New Amandaville', 4.8, 'no-pfp', 5),
('patty690', 'hash690', 'patty.burch690@mail.com', 'Patty', 'Burch', '60315401', 'M', '2004-02-01', 'North Jamie', 4.6, 'no-pfp', 5),
('bruce691', 'hash691', 'bruce.rogers691@mail.com', 'Bruce', 'Rogers', '38285671', 'M', '1988-05-28', 'Durhamhaven', 5.0, 'no-pfp', 4),
('mary692', 'hash692', 'mary.zamora692@mail.com', 'Mary', 'Zamora', '06921765', 'M', '1973-12-08', 'Snowmouth', 4.8, 'no-pfp', 4),
('alyssa693', 'hash693', 'alyssa.brown693@mail.com', 'Alyssa', 'Brown', '06575956', 'M', '1965-04-11', 'East Crystal', 4.2, 'no-pfp', 3),
('adriana694', 'hash694', 'adriana.white694@mail.com', 'Adriana', 'White', '79292824', 'M', '2005-02-27', 'Traciberg', 4.1, 'no-pfp', 4),
('patricia695', 'hash695', 'patricia.smith695@mail.com', 'Patricia', 'Smith', '03902017', 'M', '2002-03-03', 'Smithhaven', 4.5, 'no-pfp', 4),
('sherri696', 'hash696', 'sherri.larson696@mail.com', 'Sherri', 'Larson', '27103438', 'M', '1992-03-19', 'New Keith', 5.0, 'no-pfp', 4),
('shelly697', 'hash697', 'shelly.pena697@mail.com', 'Shelly', 'Pena', '23844900', 'M', '1956-11-11', 'Lake Kimberlyport', 4.6, 'no-pfp', 5),
('garrett698', 'hash698', 'garrett.marsh698@mail.com', 'Garrett', 'Marsh', '79816179', 'M', '1960-04-11', 'Jesusshire', 4.2, 'no-pfp', 3),
('briana699', 'hash699', 'briana.cline699@mail.com', 'Briana', 'Cline', '86055165', 'M', '1976-11-12', 'East Kristinaburgh', 4.9, 'no-pfp', 4),
('patty700', 'hash700', 'patty.jenkins700@mail.com', 'Patty', 'Jenkins', '50682896', 'M', '1991-10-06', 'South Joy', 4.6, 'no-pfp', 5),
('jeffrey701', 'hash701', 'jeffrey.perez701@mail.com', 'Jeffrey', 'Perez', '71656381', 'M', '1977-06-29', 'Donnabury', 4.1, 'no-pfp', 5),
('kenneth702', 'hash702', 'kenneth.beltran702@mail.com', 'Kenneth', 'Beltran', '39064580', 'M', '1974-08-15', 'New Michellemouth', 4.1, 'no-pfp', 4),
('allison703', 'hash703', 'allison.hughes703@mail.com', 'Allison', 'Hughes', '95142915', 'M', '1964-06-03', 'West Raymondmouth', 3.9, 'no-pfp', 5),
('catherine704', 'hash704', 'catherine.bauer704@mail.com', 'Catherine', 'Bauer', '76053384', 'M', '1990-11-28', 'North Toni', 3.7, 'no-pfp', 4),
('david705', 'hash705', 'david.lawrence705@mail.com', 'David', 'Lawrence', '31318085', 'M', '1989-10-01', 'Ramosbury', 4.2, 'no-pfp', 3),
('todd706', 'hash706', 'todd.gutierrez706@mail.com', 'Todd', 'Gutierrez', '25633940', 'M', '1979-11-18', 'North Robin', 4.8, 'no-pfp', 4),
('calvin707', 'hash707', 'calvin.johnson707@mail.com', 'Calvin', 'Johnson', '11629341', 'M', '1989-10-04', 'Mccoymouth', 4.2, 'no-pfp', 3),
('miranda708', 'hash708', 'miranda.evans708@mail.com', 'Miranda', 'Evans', '43170894', 'M', '1958-03-30', 'West Robert', 4.0, 'no-pfp', 4),
('scott709', 'hash709', 'scott.ho709@mail.com', 'Scott', 'Ho', '98483414', 'M', '1960-07-26', 'Berryside', 3.9, 'no-pfp', 4),
('sherry710', 'hash710', 'sherry.bernard710@mail.com', 'Sherry', 'Bernard', '15721090', 'M', '1976-06-05', 'Port Kelly', 4.9, 'no-pfp', 5),
('jessica711', 'hash711', 'jessica.garcia711@mail.com', 'Jessica', 'Garcia', '99892778', 'M', '1977-10-23', 'Keithberg', 4.2, 'no-pfp', 5),
('andrew712', 'hash712', 'andrew.huber712@mail.com', 'Andrew', 'Huber', '27211495', 'M', '1973-04-21', 'Karenmouth', 4.7, 'no-pfp', 5),
('troy713', 'hash713', 'troy.allen713@mail.com', 'Troy', 'Allen', '67376828', 'M', '1999-02-08', 'Mooretown', 3.7, 'no-pfp', 5),
('michael714', 'hash714', 'michael.reid714@mail.com', 'Michael', 'Reid', '57324337', 'M', '1990-03-20', 'West Danielmouth', 3.5, 'no-pfp', 5),
('brittney715', 'hash715', 'brittney.barrera715@mail.com', 'Brittney', 'Barrera', '41461801', 'M', '2000-12-28', 'Ellisonburgh', 4.5, 'no-pfp', 3),
('tiffany716', 'hash716', 'tiffany.parker716@mail.com', 'Tiffany', 'Parker', '27668895', 'M', '1962-12-09', 'Dunnborough', 4.3, 'no-pfp', 3),
('amy717', 'hash717', 'amy.lopez717@mail.com', 'Amy', 'Lopez', '85907983', 'M', '1998-03-19', 'Port Angela', 3.9, 'no-pfp', 5),
('nicholas718', 'hash718', 'nicholas.blackwell718@mail.com', 'Nicholas', 'Blackwell', '10688083', 'M', '1985-05-13', 'Christopherville', 4.9, 'no-pfp', 5),
('matthew719', 'hash719', 'matthew.young719@mail.com', 'Matthew', 'Young', '17435119', 'M', '2002-10-24', 'West Jenniferchester', 4.3, 'no-pfp', 5),
('todd720', 'hash720', 'todd.bryant720@mail.com', 'Todd', 'Bryant', '43709155', 'M', '1988-05-23', 'Rodneyhaven', 4.5, 'no-pfp', 5),
('audrey721', 'hash721', 'audrey.green721@mail.com', 'Audrey', 'Green', '08596743', 'M', '1990-04-14', 'Williamsstad', 5.0, 'no-pfp', 4),
('sarah722', 'hash722', 'sarah.bailey722@mail.com', 'Sarah', 'Bailey', '23690520', 'M', '2007-02-07', 'Stewartfort', 4.2, 'no-pfp', 5),
('walter723', 'hash723', 'walter.burnett723@mail.com', 'Walter', 'Burnett', '87657234', 'M', '1971-03-24', 'Carrietown', 3.8, 'no-pfp', 5),
('jenna724', 'hash724', 'jenna.gibbs724@mail.com', 'Jenna', 'Gibbs', '83084400', 'M', '1997-10-01', 'East Stevechester', 4.7, 'no-pfp', 3),
('aaron725', 'hash725', 'aaron.ewing725@mail.com', 'Aaron', 'Ewing', '76733076', 'M', '1959-02-19', 'Clementsmouth', 4.8, 'no-pfp', 3),
('timothy726', 'hash726', 'timothy.griffin726@mail.com', 'Timothy', 'Griffin', '92344323', 'M', '1985-11-03', 'Port Markside', 4.7, 'no-pfp', 5),
('ryan727', 'hash727', 'ryan.mahoney727@mail.com', 'Ryan', 'Mahoney', '65860376', 'M', '1960-12-10', 'New Mary', 4.0, 'no-pfp', 5),
('sandra728', 'hash728', 'sandra.strong728@mail.com', 'Sandra', 'Strong', '09952353', 'M', '1960-03-08', 'Anthonyside', 4.3, 'no-pfp', 3),
('jose729', 'hash729', 'jose.martin729@mail.com', 'Jose', 'Martin', '75095668', 'M', '1962-05-16', 'East Timothy', 4.4, 'no-pfp', 5),
('kimberly730', 'hash730', 'kimberly.chan730@mail.com', 'Kimberly', 'Chan', '56085235', 'M', '1970-09-16', 'West Elizabeth', 5.0, 'no-pfp', 3),
('elizabeth731', 'hash731', 'elizabeth.miller731@mail.com', 'Elizabeth', 'Miller', '92140135', 'M', '1999-02-21', 'Lake Michaelmouth', 4.2, 'no-pfp', 5),
('april732', 'hash732', 'april.robbins732@mail.com', 'April', 'Robbins', '65117321', 'M', '1973-04-09', 'New Jenniferhaven', 4.0, 'no-pfp', 4),
('katrina733', 'hash733', 'katrina.richards733@mail.com', 'Katrina', 'Richards', '29555463', 'M', '1970-03-06', 'Lake Charlotte', 4.7, 'no-pfp', 4),
('jennifer734', 'hash734', 'jennifer.norman734@mail.com', 'Jennifer', 'Norman', '44779065', 'M', '1955-11-23', 'New Corymouth', 4.4, 'no-pfp', 4),
('antonio735', 'hash735', 'antonio.hanna735@mail.com', 'Antonio', 'Hanna', '69849977', 'M', '1981-03-06', 'Wesleyton', 4.0, 'no-pfp', 4),
('robert736', 'hash736', 'robert.long736@mail.com', 'Robert', 'Long', '97998480', 'M', '1977-07-10', 'Michelleton', 4.3, 'no-pfp', 3),
('madeline737', 'hash737', 'madeline.bender737@mail.com', 'Madeline', 'Bender', '54922201', 'M', '1958-09-12', 'Jerryfurt', 4.7, 'no-pfp', 3),
('ashley738', 'hash738', 'ashley.cunningham738@mail.com', 'Ashley', 'Cunningham', '80920271', 'M', '1977-03-31', 'Ramirezbury', 4.6, 'no-pfp', 5),
('mark739', 'hash739', 'mark.harvey739@mail.com', 'Mark', 'Harvey', '38197558', 'M', '1969-12-04', 'Sanfordborough', 4.1, 'no-pfp', 5),
('jordan740', 'hash740', 'jordan.bates740@mail.com', 'Jordan', 'Bates', '51232251', 'M', '1975-10-05', 'East Vanessaport', 3.7, 'no-pfp', 3),
('joseph741', 'hash741', 'joseph.griffin741@mail.com', 'Joseph', 'Griffin', '87823457', 'M', '1989-04-19', 'Ryanfurt', 3.9, 'no-pfp', 4),
('rachel742', 'hash742', 'rachel.schroeder742@mail.com', 'Rachel', 'Schroeder', '95371028', 'M', '2003-08-05', 'Kathleenstad', 4.2, 'no-pfp', 3),
('samantha743', 'hash743', 'samantha.small743@mail.com', 'Samantha', 'Small', '95115433', 'M', '1968-05-04', 'Lake Susan', 4.5, 'no-pfp', 3),
('matthew744', 'hash744', 'matthew.patel744@mail.com', 'Matthew', 'Patel', '65385512', 'M', '1960-10-31', 'Lake Sabrina', 3.6, 'no-pfp', 4),
('victor745', 'hash745', 'victor.gardner745@mail.com', 'Victor', 'Gardner', '38878729', 'M', '1964-04-11', 'Kimberlyton', 4.6, 'no-pfp', 5),
('ryan746', 'hash746', 'ryan.johnston746@mail.com', 'Ryan', 'Johnston', '35294181', 'M', '1976-08-19', 'Flemingburgh', 4.8, 'no-pfp', 4),
('amanda747', 'hash747', 'amanda.hooper747@mail.com', 'Amanda', 'Hooper', '45236945', 'M', '1985-05-20', 'Johnsonshire', 4.4, 'no-pfp', 3),
('abigail748', 'hash748', 'abigail.morrow748@mail.com', 'Abigail', 'Morrow', '64246064', 'M', '1973-06-26', 'Lake Emilyport', 4.6, 'no-pfp', 4),
('richard749', 'hash749', 'richard.buckley749@mail.com', 'Richard', 'Buckley', '95797881', 'M', '1976-08-17', 'Deleonfurt', 3.9, 'no-pfp', 3),
('mark750', 'hash750', 'mark.meyer750@mail.com', 'Mark', 'Meyer', '57773163', 'M', '1977-11-12', 'East Karenton', 3.8, 'no-pfp', 4),
('gregory751', 'hash751', 'gregory.peterson751@mail.com', 'Gregory', 'Peterson', '10540464', 'M', '1986-12-31', 'Vargasfurt', 3.7, 'no-pfp', 5),
('douglas752', 'hash752', 'douglas.jenkins752@mail.com', 'Douglas', 'Jenkins', '75207901', 'M', '1982-01-21', 'New Jeremy', 4.5, 'no-pfp', 3),
('allison753', 'hash753', 'allison.adams753@mail.com', 'Allison', 'Adams', '73096575', 'M', '1997-11-06', 'Kimberlytown', 4.0, 'no-pfp', 3),
('jeremy754', 'hash754', 'jeremy.grimes754@mail.com', 'Jeremy', 'Grimes', '55215992', 'M', '1974-07-17', 'New Brian', 3.9, 'no-pfp', 4),
('jill755', 'hash755', 'jill.simpson755@mail.com', 'Jill', 'Simpson', '66424025', 'M', '2001-07-11', 'West Patricia', 4.7, 'no-pfp', 4),
('terri756', 'hash756', 'terri.levine756@mail.com', 'Terri', 'Levine', '28849566', 'M', '1988-02-21', 'Lake Jacobstad', 4.8, 'no-pfp', 3),
('mikayla757', 'hash757', 'mikayla.scott757@mail.com', 'Mikayla', 'Scott', '52963145', 'M', '1975-05-28', 'South Richardland', 4.4, 'no-pfp', 4),
('rebecca758', 'hash758', 'rebecca.schroeder758@mail.com', 'Rebecca', 'Schroeder', '15392974', 'M', '1978-07-27', 'Herreratown', 4.6, 'no-pfp', 4),
('larry759', 'hash759', 'larry.osborne759@mail.com', 'Larry', 'Osborne', '27009408', 'M', '2007-06-01', 'New Martin', 3.6, 'no-pfp', 3),
('sarah760', 'hash760', 'sarah.welch760@mail.com', 'Sarah', 'Welch', '86627784', 'M', '1992-09-24', 'Brockchester', 4.5, 'no-pfp', 5),
('deanna761', 'hash761', 'deanna.morales761@mail.com', 'Deanna', 'Morales', '16155261', 'M', '2004-12-22', 'Jamesfort', 3.5, 'no-pfp', 5),
('julia762', 'hash762', 'julia.garza762@mail.com', 'Julia', 'Garza', '89102193', 'M', '1970-06-13', 'West Davidburgh', 4.6, 'no-pfp', 3),
('joanne763', 'hash763', 'joanne.walker763@mail.com', 'Joanne', 'Walker', '95830506', 'M', '1998-01-19', 'Coletown', 4.7, 'no-pfp', 4),
('dawn764', 'hash764', 'dawn.reynolds764@mail.com', 'Dawn', 'Reynolds', '91855628', 'M', '1990-11-07', 'New Daniel', 3.6, 'no-pfp', 4),
('christian765', 'hash765', 'christian.ortiz765@mail.com', 'Christian', 'Ortiz', '68159200', 'M', '1980-01-18', 'Robertstad', 4.4, 'no-pfp', 3),
('michael766', 'hash766', 'michael.bond766@mail.com', 'Michael', 'Bond', '96180621', 'M', '1998-07-03', 'Michaelshire', 4.1, 'no-pfp', 3),
('sandra767', 'hash767', 'sandra.parrish767@mail.com', 'Sandra', 'Parrish', '51365461', 'M', '1979-09-19', 'West Russell', 4.2, 'no-pfp', 5),
('melissa768', 'hash768', 'melissa.avila768@mail.com', 'Melissa', 'Avila', '29445470', 'M', '1994-05-27', 'West Emmafurt', 3.9, 'no-pfp', 3),
('emily769', 'hash769', 'emily.rosales769@mail.com', 'Emily', 'Rosales', '19501423', 'M', '1979-09-29', 'Guzmanview', 4.2, 'no-pfp', 3),
('hunter770', 'hash770', 'hunter.le770@mail.com', 'Hunter', 'Le', '93908103', 'M', '1982-10-02', 'New Jeffrey', 4.6, 'no-pfp', 4),
('jennifer771', 'hash771', 'jennifer.perry771@mail.com', 'Jennifer', 'Perry', '80454736', 'M', '1969-02-06', 'Kimfurt', 4.5, 'no-pfp', 3),
('edward772', 'hash772', 'edward.stark772@mail.com', 'Edward', 'Stark', '99525833', 'M', '1985-04-29', 'North Amber', 3.7, 'no-pfp', 3),
('alex773', 'hash773', 'alex.curtis773@mail.com', 'Alex', 'Curtis', '67843363', 'M', '1969-08-13', 'South Sydneychester', 4.0, 'no-pfp', 4),
('gary774', 'hash774', 'gary.jones774@mail.com', 'Gary', 'Jones', '84226406', 'M', '1998-04-02', 'North Michaelmouth', 3.7, 'no-pfp', 4),
('sarah775', 'hash775', 'sarah.dominguez775@mail.com', 'Sarah', 'Dominguez', '68085711', 'M', '1985-03-09', 'South Robertland', 4.8, 'no-pfp', 4),
('victoria776', 'hash776', 'victoria.davenport776@mail.com', 'Victoria', 'Davenport', '73489318', 'M', '1984-12-16', 'Mooreville', 4.7, 'no-pfp', 5),
('james777', 'hash777', 'james.harrison777@mail.com', 'James', 'Harrison', '11952460', 'M', '2007-01-15', 'Port Lindsaymouth', 4.6, 'no-pfp', 5),
('dustin778', 'hash778', 'dustin.braun778@mail.com', 'Dustin', 'Braun', '81432370', 'M', '1984-09-03', 'East Jennifer', 4.3, 'no-pfp', 5),
('felicia779', 'hash779', 'felicia.moran779@mail.com', 'Felicia', 'Moran', '35914996', 'M', '1983-02-05', 'Joshuabury', 4.6, 'no-pfp', 3),
('robert780', 'hash780', 'robert.harris780@mail.com', 'Robert', 'Harris', '53063285', 'M', '1979-07-15', 'Crystalbury', 3.6, 'no-pfp', 4),
('dylan781', 'hash781', 'dylan.ramirez781@mail.com', 'Dylan', 'Ramirez', '57302175', 'M', '1981-02-26', 'Jessicaton', 4.2, 'no-pfp', 5),
('annette782', 'hash782', 'annette.pace782@mail.com', 'Annette', 'Pace', '51765856', 'M', '1968-05-29', 'West Jefferytown', 4.4, 'no-pfp', 5),
('charles783', 'hash783', 'charles.jennings783@mail.com', 'Charles', 'Jennings', '07809127', 'M', '1971-02-12', 'Jonview', 4.7, 'no-pfp', 5),
('renee784', 'hash784', 'renee.moreno784@mail.com', 'Renee', 'Moreno', '65245400', 'M', '1995-12-18', 'North Marilyn', 4.3, 'no-pfp', 3),
('autumn785', 'hash785', 'autumn.morgan785@mail.com', 'Autumn', 'Morgan', '08310802', 'M', '1980-05-08', 'Daviesville', 4.4, 'no-pfp', 5),
('steven786', 'hash786', 'steven.gutierrez786@mail.com', 'Steven', 'Gutierrez', '64054855', 'M', '1965-05-01', 'South Kimberly', 4.3, 'no-pfp', 3),
('johnny787', 'hash787', 'johnny.ramirez787@mail.com', 'Johnny', 'Ramirez', '80940253', 'M', '1986-08-07', 'Port Walterton', 3.6, 'no-pfp', 5),
('austin788', 'hash788', 'austin.hernandez788@mail.com', 'Austin', 'Hernandez', '32569545', 'M', '1988-09-10', 'New Kennethland', 4.3, 'no-pfp', 5),
('erica789', 'hash789', 'erica.ali789@mail.com', 'Erica', 'Ali', '77902688', 'M', '1998-05-22', 'Mariaberg', 4.7, 'no-pfp', 4),
('robert790', 'hash790', 'robert.thomas790@mail.com', 'Robert', 'Thomas', '92911936', 'M', '1989-01-01', 'Moralesberg', 4.0, 'no-pfp', 5),
('kenneth791', 'hash791', 'kenneth.morrison791@mail.com', 'Kenneth', 'Morrison', '43166293', 'M', '1976-04-06', 'Jimfurt', 4.4, 'no-pfp', 3),
('amanda792', 'hash792', 'amanda.stone792@mail.com', 'Amanda', 'Stone', '21821649', 'M', '1957-05-30', 'Lake Marcus', 3.5, 'no-pfp', 4),
('anthony793', 'hash793', 'anthony.romero793@mail.com', 'Anthony', 'Romero', '44091458', 'M', '1973-01-11', 'West Monica', 3.9, 'no-pfp', 5),
('tiffany794', 'hash794', 'tiffany.watson794@mail.com', 'Tiffany', 'Watson', '26761026', 'M', '2004-01-09', 'Rayton', 3.6, 'no-pfp', 3),
('joseph795', 'hash795', 'joseph.ballard795@mail.com', 'Joseph', 'Ballard', '24715326', 'M', '2004-03-04', 'North Scott', 4.4, 'no-pfp', 5),
('james796', 'hash796', 'james.nicholson796@mail.com', 'James', 'Nicholson', '86642992', 'M', '1971-06-23', 'East Scottland', 4.0, 'no-pfp', 3),
('tyler797', 'hash797', 'tyler.williams797@mail.com', 'Tyler', 'Williams', '72400934', 'M', '1984-06-03', 'Lanehaven', 4.2, 'no-pfp', 5),
('audrey798', 'hash798', 'audrey.mills798@mail.com', 'Audrey', 'Mills', '89685393', 'M', '2004-11-30', 'Lake Sarah', 4.2, 'no-pfp', 4),
('nina799', 'hash799', 'nina.bailey799@mail.com', 'Nina', 'Bailey', '57383275', 'M', '1961-07-01', 'Jerryville', 4.8, 'no-pfp', 5),
('tracy800', 'hash800', 'tracy.russo800@mail.com', 'Tracy', 'Russo', '80784176', 'M', '2000-10-29', 'Smithborough', 4.8, 'no-pfp', 5),
('jacob801', 'hash801', 'jacob.wright801@mail.com', 'Jacob', 'Wright', '58393188', 'M', '1975-01-01', 'New Brandon', 4.7, 'no-pfp', 4),
('deanna802', 'hash802', 'deanna.holmes802@mail.com', 'Deanna', 'Holmes', '46896648', 'M', '2005-11-19', 'Port Shawnaborough', 4.7, 'no-pfp', 5),
('joseph803', 'hash803', 'joseph.moore803@mail.com', 'Joseph', 'Moore', '13604906', 'M', '2003-02-11', 'East Aaron', 4.3, 'no-pfp', 4),
('patrick804', 'hash804', 'patrick.mills804@mail.com', 'Patrick', 'Mills', '60517461', 'M', '2000-08-07', 'West Dustin', 4.2, 'no-pfp', 3),
('vanessa805', 'hash805', 'vanessa.brown805@mail.com', 'Vanessa', 'Brown', '82866719', 'M', '1994-09-29', 'Lake Jacqueline', 4.5, 'no-pfp', 4),
('amy806', 'hash806', 'amy.torres806@mail.com', 'Amy', 'Torres', '43942726', 'M', '2007-11-17', 'East Brentside', 4.1, 'no-pfp', 5),
('elizabeth807', 'hash807', 'elizabeth.armstrong807@mail.com', 'Elizabeth', 'Armstrong', '36693925', 'M', '1990-12-04', 'North Larrymouth', 3.7, 'no-pfp', 4),
('alicia808', 'hash808', 'alicia.banks808@mail.com', 'Alicia', 'Banks', '71294838', 'M', '1971-04-01', 'Mccoychester', 3.8, 'no-pfp', 4),
('jamie809', 'hash809', 'jamie.mayer809@mail.com', 'Jamie', 'Mayer', '91775218', 'M', '2003-03-22', 'North Alexanderfurt', 3.7, 'no-pfp', 5),
('steve810', 'hash810', 'steve.johnson810@mail.com', 'Steve', 'Johnson', '34631121', 'M', '2000-12-15', 'Walterville', 4.0, 'no-pfp', 5),
('gary811', 'hash811', 'gary.potts811@mail.com', 'Gary', 'Potts', '11639268', 'M', '1968-02-26', 'Millerville', 3.9, 'no-pfp', 5),
('katherine812', 'hash812', 'katherine.franklin812@mail.com', 'Katherine', 'Franklin', '39327508', 'M', '1969-08-01', 'South Heatherton', 4.9, 'no-pfp', 5),
('debra813', 'hash813', 'debra.myers813@mail.com', 'Debra', 'Myers', '16002985', 'M', '1993-08-06', 'Cruzfurt', 3.8, 'no-pfp', 3),
('jaclyn814', 'hash814', 'jaclyn.mitchell814@mail.com', 'Jaclyn', 'Mitchell', '32279692', 'M', '1976-05-10', 'Jacksonside', 4.9, 'no-pfp', 3),
('jennifer815', 'hash815', 'jennifer.reyes815@mail.com', 'Jennifer', 'Reyes', '38301233', 'M', '1982-02-09', 'Sarahmouth', 3.6, 'no-pfp', 3),
('anna816', 'hash816', 'anna.morgan816@mail.com', 'Anna', 'Morgan', '97389611', 'M', '1968-12-24', 'South Austinhaven', 4.2, 'no-pfp', 5),
('michael817', 'hash817', 'michael.howell817@mail.com', 'Michael', 'Howell', '91003055', 'M', '1983-05-01', 'Kimberlyberg', 4.0, 'no-pfp', 4),
('jodi818', 'hash818', 'jodi.ruiz818@mail.com', 'Jodi', 'Ruiz', '09049792', 'M', '1998-12-07', 'East Apriltown', 4.9, 'no-pfp', 4),
('linda819', 'hash819', 'linda.lynn819@mail.com', 'Linda', 'Lynn', '19087608', 'M', '1996-04-25', 'Port Jacquelineborough', 4.7, 'no-pfp', 3),
('paula820', 'hash820', 'paula.holmes820@mail.com', 'Paula', 'Holmes', '78144658', 'M', '1988-09-08', 'West Joshua', 4.0, 'no-pfp', 3),
('alexander821', 'hash821', 'alexander.reyes821@mail.com', 'Alexander', 'Reyes', '89958092', 'M', '2005-03-02', 'Isaacport', 4.1, 'no-pfp', 3),
('samantha822', 'hash822', 'samantha.jones822@mail.com', 'Samantha', 'Jones', '72370427', 'M', '1956-04-09', 'Matthewstad', 4.9, 'no-pfp', 4),
('troy823', 'hash823', 'troy.lawson823@mail.com', 'Troy', 'Lawson', '34958662', 'M', '1965-06-13', 'Esteschester', 4.8, 'no-pfp', 3),
('james824', 'hash824', 'james.wagner824@mail.com', 'James', 'Wagner', '84859843', 'M', '1955-12-19', 'Lewishaven', 3.8, 'no-pfp', 5),
('christopher825', 'hash825', 'christopher.hull825@mail.com', 'Christopher', 'Hull', '03027166', 'M', '1956-02-13', 'Lake Sheryltown', 4.0, 'no-pfp', 5),
('derek826', 'hash826', 'derek.smith826@mail.com', 'Derek', 'Smith', '12045338', 'M', '1976-10-10', 'West Kristinestad', 3.9, 'no-pfp', 3),
('billy827', 'hash827', 'billy.byrd827@mail.com', 'Billy', 'Byrd', '37172873', 'M', '1989-07-03', 'Natashatown', 4.9, 'no-pfp', 5),
('thomas828', 'hash828', 'thomas.johnson828@mail.com', 'Thomas', 'Johnson', '41585686', 'M', '1966-05-21', 'Blevinsport', 3.9, 'no-pfp', 3),
('alexander829', 'hash829', 'alexander.beard829@mail.com', 'Alexander', 'Beard', '17522341', 'M', '2004-07-31', 'North Diane', 3.9, 'no-pfp', 5),
('laura830', 'hash830', 'laura.lynn830@mail.com', 'Laura', 'Lynn', '36483536', 'M', '1971-05-29', 'Sandovalstad', 3.9, 'no-pfp', 5),
('candice831', 'hash831', 'candice.bates831@mail.com', 'Candice', 'Bates', '66735266', 'M', '1984-05-23', 'Port Lindseyfurt', 4.1, 'no-pfp', 3),
('paul832', 'hash832', 'paul.brock832@mail.com', 'Paul', 'Brock', '98957728', 'M', '2002-04-02', 'West Susan', 3.8, 'no-pfp', 3),
('joanna833', 'hash833', 'joanna.cox833@mail.com', 'Joanna', 'Cox', '18915530', 'M', '1959-09-03', 'Bethburgh', 3.7, 'no-pfp', 5),
('kim834', 'hash834', 'kim.miller834@mail.com', 'Kim', 'Miller', '68147027', 'M', '1965-01-22', 'Port Mitchellbury', 3.8, 'no-pfp', 5),
('adrienne835', 'hash835', 'adrienne.taylor835@mail.com', 'Adrienne', 'Taylor', '51761901', 'M', '1992-06-17', 'Campbellburgh', 4.2, 'no-pfp', 3),
('david836', 'hash836', 'david.johnson836@mail.com', 'David', 'Johnson', '71009390', 'M', '1969-11-13', 'Huntshire', 4.8, 'no-pfp', 3),
('norman837', 'hash837', 'norman.dunn837@mail.com', 'Norman', 'Dunn', '65575850', 'M', '1979-02-22', 'New Louistown', 4.1, 'no-pfp', 5),
('renee838', 'hash838', 'renee.cohen838@mail.com', 'Renee', 'Cohen', '94822382', 'M', '1969-05-09', 'Byrdview', 4.9, 'no-pfp', 5),
('michael839', 'hash839', 'michael.jones839@mail.com', 'Michael', 'Jones', '11659464', 'M', '1997-10-19', 'Davidport', 4.0, 'no-pfp', 3),
('amanda840', 'hash840', 'amanda.stewart840@mail.com', 'Amanda', 'Stewart', '82790910', 'M', '1985-12-15', 'Lake Ericfurt', 4.9, 'no-pfp', 3),
('kimberly841', 'hash841', 'kimberly.murillo841@mail.com', 'Kimberly', 'Murillo', '59269355', 'M', '1973-07-12', 'Timothymouth', 4.1, 'no-pfp', 5),
('sherry842', 'hash842', 'sherry.matthews842@mail.com', 'Sherry', 'Matthews', '37455021', 'M', '1971-04-01', 'Curtisport', 4.1, 'no-pfp', 3),
('jacob843', 'hash843', 'jacob.gardner843@mail.com', 'Jacob', 'Gardner', '74496625', 'M', '1972-05-14', 'New Tamaramouth', 4.8, 'no-pfp', 4),
('joseph844', 'hash844', 'joseph.miles844@mail.com', 'Joseph', 'Miles', '93339223', 'M', '2003-01-07', 'Stoneshire', 4.6, 'no-pfp', 3),
('elizabeth845', 'hash845', 'elizabeth.hill845@mail.com', 'Elizabeth', 'Hill', '39926587', 'M', '1975-04-27', 'Lake Rebeccaport', 4.3, 'no-pfp', 4),
('kim846', 'hash846', 'kim.patel846@mail.com', 'Kim', 'Patel', '02285393', 'M', '1991-06-15', 'Port Jasonchester', 4.8, 'no-pfp', 3),
('marcus847', 'hash847', 'marcus.williams847@mail.com', 'Marcus', 'Williams', '47478900', 'M', '1964-08-12', 'East Charlesfort', 4.4, 'no-pfp', 4),
('david848', 'hash848', 'david.valentine848@mail.com', 'David', 'Valentine', '67849183', 'M', '2000-11-06', 'New Jessica', 3.8, 'no-pfp', 4),
('amy849', 'hash849', 'amy.chavez849@mail.com', 'Amy', 'Chavez', '49403919', 'M', '2004-05-01', 'Santiagomouth', 3.8, 'no-pfp', 3),
('matthew850', 'hash850', 'matthew.potter850@mail.com', 'Matthew', 'Potter', '14587737', 'M', '1986-11-04', 'Jordanfort', 4.1, 'no-pfp', 3),
('deborah851', 'hash851', 'deborah.lopez851@mail.com', 'Deborah', 'Lopez', '43396786', 'M', '1983-06-04', 'South Ryan', 3.8, 'no-pfp', 3),
('megan852', 'hash852', 'megan.fields852@mail.com', 'Megan', 'Fields', '32565742', 'M', '2000-03-15', 'Johnfort', 3.7, 'no-pfp', 4),
('alexandra853', 'hash853', 'alexandra.cook853@mail.com', 'Alexandra', 'Cook', '22924353', 'M', '1992-03-30', 'South Marcus', 4.3, 'no-pfp', 3),
('nicholas854', 'hash854', 'nicholas.mendoza854@mail.com', 'Nicholas', 'Mendoza', '50262591', 'M', '1960-10-15', 'Oconnellside', 4.6, 'no-pfp', 5);

INSERT INTO [dbo].[Geofence] (C1_X, C1_Y, C2_X, C2_Y, C3_X, C3_Y, C4_X, C4_Y)
VALUES
-- Row 1 (bottom)
(0.000000,0.000000, 1.000000,0.000000, 1.000000,1.000000, 0.000000,1.000000),   -- 1
(1.000000,0.000000, 2.000000,0.000000, 2.000000,1.000000, 1.000000,1.000000),   -- 2
(2.000000,0.000000, 3.000000,0.000000, 3.000000,1.000000, 2.000000,1.000000),   -- 3

-- Row 2
(0.000000,1.000000, 1.000000,1.000000, 1.000000,2.000000, 0.000000,2.000000),   -- 4
(1.000000,1.000000, 2.000000,1.000000, 2.000000,2.000000, 1.000000,2.000000),   -- 5
(2.000000,1.000000, 3.000000,1.000000, 3.000000,2.000000, 2.000000,2.000000),   -- 6

-- Row 3
(0.000000,2.000000, 1.000000,2.000000, 1.000000,3.000000, 0.000000,3.000000),   -- 7
(1.000000,2.000000, 2.000000,2.000000, 2.000000,3.000000, 1.000000,3.000000),   -- 8
(2.000000,2.000000, 3.000000,2.000000, 3.000000,3.000000, 2.000000,3.000000);   -- 9


INSERT INTO [dbo].[Bridge] (Name, Coordinate_X, Coordinate_Y , GeofenceA_ID, GeofenceB_ID)
VALUES
-- Horizontal row 1
('B_1_2', 1.000000,0.500000, 1,2),
('B_2_3', 2.000000,0.500000, 2,3),

-- Horizontal row 2
('B_4_5', 1.000000,1.500000, 4,5),
('B_5_6', 2.000000,1.500000, 5,6),

-- Horizontal row 3
('B_7_8', 1.000000,2.500000, 7,8),
('B_8_9', 2.000000,2.500000, 8,9),

-- Vertical column 1
('B_1_4', 0.500000,1.000000, 1,4),
('B_4_7', 0.500000,2.000000, 4,7),

-- Vertical column 2
('B_2_5', 1.500000,1.000000, 2,5),
('B_5_8', 1.500000,2.000000, 5,8),

-- Vertical column 3
('B_3_6', 2.500000,1.000000, 3,6),
('B_6_9', 2.500000,2.000000, 6,9);


INSERT INTO [dbo].[GDPR_Request_Log] (Issue_Date, Pending, Approval, Managed_By, Requested_By)
VALUES
('2025-05-05', 'Y', 'N', 1, 2);


INSERT INTO [dbo].[Vehicle] 
(License_Plate, Frame_Number, Engine_Number, Car_Type,
 Load_Space, Number_Of_Seats, Driver_ID, Company_Rep_ID, Op_Audits, Geofence_ID)
VALUES
('PRM001', 'FR001', 'EN001', 'Sedan',     450.0, 4, 1, NULL, NULL, 4),
('PRM002', 'FR002', 'EN002', 'SUV',       600.0, 5, 2, NULL, NULL, 3),
('PRM003', 'FR003', 'EN003', 'Hatchback', 350.0, 4, 3, NULL, NULL, 2),
('PRM004', 'FR004', 'EN004', 'Sedan',     450.0, 4, 4, NULL, NULL, 7),
('PRM005', 'FR005', 'EN005', 'SUV',       650.0, 6, 5, NULL, NULL, 1),
('PRM006', 'FR006', 'EN006', 'Sedan',     450.0, 4, 6, NULL, NULL, 9),
('PRM007', 'FR007', 'EN007', 'Mini',      300.0, 4, 7, NULL, NULL, 5),
('PRM008', 'FR008', 'EN008', 'Sedan',     450.0, 4, 8, NULL, NULL, 8),
('PRM009', 'FR009', 'EN009', 'Van',       700.0, 6, 9, NULL, NULL, 6);


INSERT INTO [dbo].[Service_Type] 
(S_Type_Name, Tariff, License_Plate, Frame_Number, Engine_Number)
VALUES
('Premium', 15.00, 'PRM001', 'FR001', 'EN001'),
('Premium', 15.00, 'PRM002', 'FR002', 'EN002'),
('Premium', 15.00, 'PRM003', 'FR003', 'EN003'),
('Premium', 15.00, 'PRM004', 'FR004', 'EN004'),
('Premium', 15.00, 'PRM005', 'FR005', 'EN005'),
('Premium', 15.00, 'PRM006', 'FR006', 'EN006'),
('Premium', 15.00, 'PRM007', 'FR007', 'EN007'),
('Premium', 15.00, 'PRM008', 'FR008', 'EN008'),
('Premium', 15.00, 'PRM009', 'FR009', 'EN009');


INSERT INTO [dbo].[Payment] (Price, ST_ID)
VALUES
(25.50, 1),
(40.00, 2),
(15.75, 3),
(60.00, 4);

INSERT INTO [dbo].[Total_Trip] (Payment_Time, Payment_Method, User_ID, Payment_ID)
VALUES
(GETDATE(), 'Card',   7, 1),
(GETDATE(), 'Cash',   8, 2),
(GETDATE(), 'Wallet', 7, 3),
(GETDATE(), 'Card',   4, 4);

